0.01,2.9132e-27,3.1752e-27,3.1802e-27,3.2412e-27,3.4714e-27,3.4997e-27,3.6445e-27,3.9165e-27,4.1102e-27,4.3338e-27,4.4513e-27,4.776e-27,4.8234e-27,5.2965e-27,5.3537e-27,5.5585e-27,5.6676e-27,5.7632e-27,6.0259e-27,6.1809e-27,6.2254e-27,6.2405e-27,6.2451e-27,6.4023e-27,6.8466e-27,6.8834e-27,6.8926e-27,7.1359e-27,7.2157e-27,7.2344e-27,7.5836e-27,7.9186e-27,8.3038e-27,8.5239e-27,8.7005e-27,8.767e-27,8.8662e-27,8.9041e-27,8.9158e-27,9.0004e-27,9.4809e-27,9.7057e-27,9.7676e-27,1.0044e-26,1.0076e-26,1.0117e-26,1.0207e-26,1.0501e-26,1.0522e-26,1.0855e-26,1.1104e-26,1.135e-26,1.1477e-26,1.1545e-26,1.2144e-26,1.2362e-26,1.2489e-26,1.2611e-26,1.2637e-26,1.3036e-26,1.3122e-26,1.3124e-26,1.3332e-26,1.3343e-26,1.3442e-26,1.3447e-26,1.3634e-26,1.3648e-26,1.3807e-26,1.3955e-26,1.4149e-26,1.4865e-26,1.5061e-26,1.5076e-26,1.5118e-26,1.529e-26,1.5312e-26,1.5336e-26,1.5511e-26,1.5735e-26,1.5735e-26,1.5967e-26,1.599e-26,1.6259e-26,1.6297e-26,1.6354e-26,1.6635e-26,1.6777e-26,1.6992e-26,1.7e-26,1.7138e-26,1.7161e-26,1.7246e-26,1.7425e-26,1.7444e-26,1.7611e-26,1.775e-26,1.7824e-26,1.8057e-26
0.011482,1.2495e-26,1.3618e-26,1.364e-26,1.3901e-26,1.4889e-26,1.501e-26,1.5631e-26,1.6798e-26,1.7628e-26,1.8588e-26,1.9092e-26,2.0484e-26,2.0687e-26,2.2716e-26,2.2962e-26,2.384e-26,2.4308e-26,2.4718e-26,2.5845e-26,2.6509e-26,2.6701e-26,2.6765e-26,2.6785e-26,2.7459e-26,2.9364e-26,2.9522e-26,2.9562e-26,3.0605e-26,3.0948e-26,3.1028e-26,3.2525e-26,3.3962e-26,3.5615e-26,3.6558e-26,3.7316e-26,3.7601e-26,3.8026e-26,3.8189e-26,3.8239e-26,3.8602e-26,4.0663e-26,4.1627e-26,4.1893e-26,4.308e-26,4.3214e-26,4.339e-26,4.3777e-26,4.5038e-26,4.5129e-26,4.6558e-26,4.7626e-26,4.868e-26,4.9223e-26,4.9514e-26,5.2086e-26,5.3022e-26,5.3563e-26,5.4086e-26,5.4199e-26,5.591e-26,5.6279e-26,5.6289e-26,5.718e-26,5.7228e-26,5.765e-26,5.7675e-26,5.8475e-26,5.8536e-26,5.9217e-26,5.9851e-26,6.0683e-26,6.3757e-26,6.4595e-26,6.4659e-26,6.4839e-26,6.5576e-26,6.5672e-26,6.5776e-26,6.6524e-26,6.7484e-26,6.7486e-26,6.8483e-26,6.8578e-26,6.9733e-26,6.9895e-26,7.0142e-26,7.1346e-26,7.1954e-26,7.2876e-26,7.291e-26,7.3505e-26,7.3604e-26,7.3966e-26,7.4736e-26,7.4817e-26,7.5534e-26,7.6128e-26,7.6448e-26,7.7445e-26
0.013183,5.2551e-26,5.7276e-26,5.7367e-26,5.8467e-26,6.2619e-26,6.3128e-26,6.5741e-26,7.0647e-26,7.4141e-26,7.8175e-26,8.0295e-26,8.615e-26,8.7005e-26,9.554e-26,9.6571e-26,1.0027e-25,1.0223e-25,1.0396e-25,1.087e-25,1.1149e-25,1.123e-25,1.1257e-25,1.1265e-25,1.1549e-25,1.235e-25,1.2416e-25,1.2433e-25,1.2872e-25,1.3016e-25,1.305e-25,1.3679e-25,1.4284e-25,1.4979e-25,1.5375e-25,1.5694e-25,1.5814e-25,1.5993e-25,1.6061e-25,1.6082e-25,1.6235e-25,1.7102e-25,1.7507e-25,1.7619e-25,1.8118e-25,1.8175e-25,1.8249e-25,1.8411e-25,1.8942e-25,1.898e-25,1.9581e-25,2.003e-25,2.0473e-25,2.0702e-25,2.0824e-25,2.1906e-25,2.23e-25,2.2527e-25,2.2747e-25,2.2795e-25,2.3514e-25,2.3669e-25,2.3673e-25,2.4048e-25,2.4069e-25,2.4246e-25,2.4256e-25,2.4593e-25,2.4619e-25,2.4905e-25,2.5172e-25,2.5522e-25,2.6814e-25,2.7167e-25,2.7194e-25,2.727e-25,2.7579e-25,2.762e-25,2.7664e-25,2.7978e-25,2.8382e-25,2.8383e-25,2.8802e-25,2.8842e-25,2.9328e-25,2.9396e-25,2.95e-25,3.0006e-25,3.0262e-25,3.065e-25,3.0664e-25,3.0914e-25,3.0956e-25,3.1108e-25,3.1432e-25,3.1466e-25,3.1768e-25,3.2017e-25,3.2152e-25,3.2571e-25
0.015136,2.1686e-25,2.3635e-25,2.3673e-25,2.4127e-25,2.584e-25,2.605e-25,2.7128e-25,2.9152e-25,3.0594e-25,3.2259e-25,3.3133e-25,3.5549e-25,3.5902e-25,3.9424e-25,3.9849e-25,4.1374e-25,4.2185e-25,4.2897e-25,4.4852e-25,4.6006e-25,4.6337e-25,4.6449e-25,4.6484e-25,4.7654e-25,5.096e-25,5.1234e-25,5.1303e-25,5.3114e-25,5.3708e-25,5.3847e-25,5.6446e-25,5.8939e-25,6.1806e-25,6.3444e-25,6.4759e-25,6.5253e-25,6.5992e-25,6.6274e-25,6.6361e-25,6.6991e-25,7.0567e-25,7.224e-25,7.2701e-25,7.4762e-25,7.4994e-25,7.53e-25,7.597e-25,7.8159e-25,7.8317e-25,8.0796e-25,8.265e-25,8.4478e-25,8.5421e-25,8.5927e-25,9.039e-25,9.2014e-25,9.2953e-25,9.386e-25,9.4057e-25,9.7026e-25,9.7666e-25,9.7683e-25,9.923e-25,9.9314e-25,1.0005e-24,1.0009e-24,1.0148e-24,1.0158e-24,1.0276e-24,1.0387e-24,1.0531e-24,1.1064e-24,1.121e-24,1.1221e-24,1.1252e-24,1.138e-24,1.1397e-24,1.1415e-24,1.1545e-24,1.1711e-24,1.1711e-24,1.1885e-24,1.1901e-24,1.2101e-24,1.2129e-24,1.2172e-24,1.2381e-24,1.2487e-24,1.2647e-24,1.2653e-24,1.2756e-24,1.2773e-24,1.2836e-24,1.297e-24,1.2984e-24,1.3108e-24,1.3211e-24,1.3267e-24,1.344e-24
0.017378,8.7804e-25,9.5696e-25,9.5847e-25,9.7684e-25,1.0462e-24,1.0547e-24,1.0983e-24,1.1802e-24,1.2386e-24,1.306e-24,1.3414e-24,1.4391e-24,1.4534e-24,1.5959e-24,1.6132e-24,1.6749e-24,1.7077e-24,1.7365e-24,1.8156e-24,1.8623e-24,1.8758e-24,1.8803e-24,1.8817e-24,1.929e-24,2.0628e-24,2.0739e-24,2.0767e-24,2.15e-24,2.174e-24,2.1797e-24,2.2849e-24,2.3858e-24,2.5018e-24,2.5681e-24,2.6213e-24,2.6413e-24,2.6712e-24,2.6826e-24,2.6862e-24,2.7116e-24,2.8564e-24,2.9241e-24,2.9428e-24,3.0261e-24,3.0355e-24,3.0479e-24,3.0751e-24,3.1636e-24,3.1701e-24,3.2704e-24,3.3454e-24,3.4194e-24,3.4576e-24,3.478e-24,3.6587e-24,3.7244e-24,3.7624e-24,3.7991e-24,3.8071e-24,3.9272e-24,3.9531e-24,3.9538e-24,4.0164e-24,4.0198e-24,4.0494e-24,4.0511e-24,4.1074e-24,4.1116e-24,4.1595e-24,4.204e-24,4.2625e-24,4.4783e-24,4.5372e-24,4.5417e-24,4.5544e-24,4.6061e-24,4.6128e-24,4.6202e-24,4.6727e-24,4.7401e-24,4.7402e-24,4.8103e-24,4.8169e-24,4.8981e-24,4.9094e-24,4.9268e-24,5.0113e-24,5.054e-24,5.1188e-24,5.1212e-24,5.163e-24,5.1699e-24,5.1954e-24,5.2494e-24,5.2551e-24,5.3055e-24,5.3472e-24,5.3697e-24,5.4397e-24
0.019953,3.4932e-24,3.8066e-24,3.8127e-24,3.8856e-24,4.161e-24,4.1948e-24,4.3681e-24,4.6935e-24,4.9253e-24,5.1928e-24,5.3334e-24,5.7218e-24,5.7785e-24,6.3446e-24,6.413e-24,6.6581e-24,6.7885e-24,6.903e-24,7.2172e-24,7.4026e-24,7.456e-24,7.4739e-24,7.4795e-24,7.6675e-24,8.1991e-24,8.2432e-24,8.2542e-24,8.5452e-24,8.6407e-24,8.6631e-24,9.0808e-24,9.4817e-24,9.9426e-24,1.0206e-23,1.0417e-23,1.0497e-23,1.0615e-23,1.0661e-23,1.0675e-23,1.0776e-23,1.1351e-23,1.162e-23,1.1694e-23,1.2025e-23,1.2062e-23,1.2112e-23,1.2219e-23,1.2571e-23,1.2597e-23,1.2995e-23,1.3293e-23,1.3587e-23,1.3739e-23,1.382e-23,1.4537e-23,1.4798e-23,1.4949e-23,1.5095e-23,1.5127e-23,1.5604e-23,1.5707e-23,1.571e-23,1.5958e-23,1.5972e-23,1.6089e-23,1.6096e-23,1.632e-23,1.6337e-23,1.6527e-23,1.6704e-23,1.6936e-23,1.7793e-23,1.8027e-23,1.8045e-23,1.8095e-23,1.83e-23,1.8327e-23,1.8356e-23,1.8565e-23,1.8833e-23,1.8833e-23,1.9111e-23,1.9138e-23,1.946e-23,1.9505e-23,1.9574e-23,1.991e-23,2.0079e-23,2.0337e-23,2.0346e-23,2.0512e-23,2.054e-23,2.0641e-23,2.0856e-23,2.0878e-23,2.1078e-23,2.1244e-23,2.1333e-23,2.1611e-23
0.022909,1.3683e-23,1.4903e-23,1.4926e-23,1.521e-23,1.6283e-23,1.6414e-23,1.7089e-23,1.8356e-23,1.9258e-23,2.03e-23,2.0847e-23,2.2359e-23,2.258e-23,2.4784e-23,2.505e-23,2.6005e-23,2.6512e-23,2.6958e-23,2.8182e-23,2.8904e-23,2.9111e-23,2.9181e-23,2.9203e-23,2.9935e-23,3.2004e-23,3.2176e-23,3.2219e-23,3.3352e-23,3.3724e-23,3.3811e-23,3.5438e-23,3.6998e-23,3.8793e-23,3.9818e-23,4.064e-23,4.095e-23,4.1412e-23,4.1589e-23,4.1643e-23,4.2037e-23,4.4276e-23,4.5323e-23,4.5611e-23,4.6901e-23,4.7046e-23,4.7238e-23,4.7657e-23,4.9027e-23,4.9126e-23,5.0678e-23,5.1838e-23,5.2982e-23,5.3572e-23,5.3889e-23,5.6682e-23,5.7698e-23,5.8286e-23,5.8854e-23,5.8977e-23,6.0835e-23,6.1236e-23,6.1246e-23,6.2215e-23,6.2267e-23,6.2725e-23,6.2752e-23,6.3621e-23,6.3687e-23,6.4427e-23,6.5116e-23,6.6019e-23,6.9358e-23,7.0268e-23,7.0337e-23,7.0533e-23,7.1333e-23,7.1437e-23,7.1551e-23,7.2363e-23,7.3406e-23,7.3408e-23,7.4491e-23,7.4594e-23,7.5848e-23,7.6024e-23,7.6292e-23,7.76e-23,7.826e-23,7.9262e-23,7.9298e-23,7.9945e-23,8.0052e-23,8.0446e-23,8.1282e-23,8.137e-23,8.2149e-23,8.2794e-23,8.3141e-23,8.4224e-23
0.026303,5.325e-23,5.7902e-23,5.7991e-23,5.9074e-23,6.3161e-23,6.3662e-23,6.6234e-23,7.1064e-23,7.4503e-23,7.8474e-23,8.0561e-23,8.6325e-23,8.7167e-23,9.5568e-23,9.6583e-23,1.0022e-22,1.0216e-22,1.0386e-22,1.0852e-22,1.1127e-22,1.1206e-22,1.1233e-22,1.1241e-22,1.152e-22,1.2309e-22,1.2375e-22,1.2391e-22,1.2823e-22,1.2965e-22,1.2998e-22,1.3618e-22,1.4213e-22,1.4897e-22,1.5287e-22,1.5601e-22,1.5719e-22,1.5895e-22,1.5963e-22,1.5983e-22,1.6134e-22,1.6987e-22,1.7386e-22,1.7496e-22,1.7987e-22,1.8043e-22,1.8116e-22,1.8276e-22,1.8798e-22,1.8836e-22,1.9427e-22,1.9869e-22,2.0306e-22,2.0531e-22,2.0651e-22,2.1716e-22,2.2103e-22,2.2328e-22,2.2544e-22,2.2591e-22,2.3299e-22,2.3452e-22,2.3456e-22,2.3825e-22,2.3845e-22,2.4019e-22,2.403e-22,2.4361e-22,2.4386e-22,2.4668e-22,2.4931e-22,2.5275e-22,2.6548e-22,2.6895e-22,2.6921e-22,2.6996e-22,2.7301e-22,2.7341e-22,2.7384e-22,2.7693e-22,2.8091e-22,2.8092e-22,2.8505e-22,2.8544e-22,2.9022e-22,2.9089e-22,2.9191e-22,2.969e-22,2.9941e-22,3.0323e-22,3.0337e-22,3.0583e-22,3.0624e-22,3.0774e-22,3.1093e-22,3.1127e-22,3.1424e-22,3.1669e-22,3.1802e-22,3.2215e-22
0.0302,2.1149e-22,2.2877e-22,2.291e-22,2.3312e-22,2.483e-22,2.5016e-22,2.5972e-22,2.7765e-22,2.9043e-22,3.0518e-22,3.1293e-22,3.3434e-22,3.3746e-22,3.6867e-22,3.7244e-22,3.8595e-22,3.9314e-22,3.9945e-22,4.1677e-22,4.2699e-22,4.2993e-22,4.3092e-22,4.3123e-22,4.4159e-22,4.7089e-22,4.7332e-22,4.7393e-22,4.8997e-22,4.9524e-22,4.9647e-22,5.195e-22,5.4159e-22,5.67e-22,5.8151e-22,5.9316e-22,5.9754e-22,6.0409e-22,6.0659e-22,6.0736e-22,6.1294e-22,6.4463e-22,6.5946e-22,6.6354e-22,6.818e-22,6.8386e-22,6.8657e-22,6.9251e-22,7.119e-22,7.1331e-22,7.3527e-22,7.517e-22,7.679e-22,7.7625e-22,7.8073e-22,8.2029e-22,8.3467e-22,8.43e-22,8.5103e-22,8.5278e-22,8.7909e-22,8.8475e-22,8.849e-22,8.9861e-22,8.9936e-22,9.0584e-22,9.0622e-22,9.1853e-22,9.1946e-22,9.2994e-22,9.3969e-22,9.5248e-22,9.9975e-22,1.0126e-21,1.0136e-21,1.0164e-21,1.0277e-21,1.0292e-21,1.0308e-21,1.0423e-21,1.0571e-21,1.0571e-21,1.0724e-21,1.0739e-21,1.0916e-21,1.0941e-21,1.0979e-21,1.1164e-21,1.1258e-21,1.14e-21,1.1405e-21,1.1496e-21,1.1512e-21,1.1567e-21,1.1686e-21,1.1698e-21,1.1808e-21,1.19e-21,1.1949e-21,1.2102e-21
0.034674,9.1586e-22,9.7743e-22,9.7861e-22,9.9294e-22,1.047e-21,1.0537e-21,1.0877e-21,1.1516e-21,1.1972e-21,1.2497e-21,1.2773e-21,1.3536e-21,1.3648e-21,1.476e-21,1.4894e-21,1.5375e-21,1.5632e-21,1.5856e-21,1.6474e-21,1.6838e-21,1.6943e-21,1.6978e-21,1.6989e-21,1.7358e-21,1.8402e-21,1.8489e-21,1.8511e-21,1.9082e-21,1.927e-21,1.9314e-21,2.0134e-21,2.0922e-21,2.1827e-21,2.2344e-21,2.2759e-21,2.2916e-21,2.3149e-21,2.3238e-21,2.3265e-21,2.3464e-21,2.4593e-21,2.5122e-21,2.5267e-21,2.5918e-21,2.5991e-21,2.6088e-21,2.6299e-21,2.6991e-21,2.7041e-21,2.7823e-21,2.8409e-21,2.8986e-21,2.9284e-21,2.9443e-21,3.0853e-21,3.1366e-21,3.1662e-21,3.1948e-21,3.2011e-21,3.2948e-21,3.315e-21,3.3155e-21,3.3644e-21,3.367e-21,3.3901e-21,3.3915e-21,3.4354e-21,3.4387e-21,3.476e-21,3.5108e-21,3.5564e-21,3.7248e-21,3.7707e-21,3.7742e-21,3.7841e-21,3.8245e-21,3.8297e-21,3.8354e-21,3.8764e-21,3.929e-21,3.9291e-21,3.9838e-21,3.989e-21,4.0523e-21,4.0611e-21,4.0746e-21,4.1406e-21,4.1739e-21,4.2245e-21,4.2263e-21,4.2589e-21,4.2643e-21,4.2842e-21,4.3264e-21,4.3308e-21,4.3701e-21,4.4027e-21,4.4202e-21,4.4748e-21
0.039811,4.8191e-21,5.0193e-21,5.0232e-21,5.0698e-21,5.2457e-21,5.2672e-21,5.3779e-21,5.5858e-21,5.7338e-21,5.9047e-21,5.9945e-21,6.2426e-21,6.2788e-21,6.6404e-21,6.684e-21,6.8406e-21,6.9239e-21,6.997e-21,7.1977e-21,7.3162e-21,7.3502e-21,7.3617e-21,7.3653e-21,7.4853e-21,7.8249e-21,7.853e-21,7.8601e-21,8.046e-21,8.1069e-21,8.1213e-21,8.3881e-21,8.6441e-21,8.9385e-21,9.1066e-21,9.2416e-21,9.2924e-21,9.3682e-21,9.3972e-21,9.4061e-21,9.4708e-21,9.838e-21,1.001e-20,1.0057e-20,1.0269e-20,1.0292e-20,1.0324e-20,1.0393e-20,1.0617e-20,1.0634e-20,1.0888e-20,1.1079e-20,1.1266e-20,1.1363e-20,1.1415e-20,1.1873e-20,1.204e-20,1.2136e-20,1.223e-20,1.225e-20,1.2555e-20,1.262e-20,1.2622e-20,1.2781e-20,1.2789e-20,1.2865e-20,1.2869e-20,1.3012e-20,1.3022e-20,1.3144e-20,1.3257e-20,1.3405e-20,1.3953e-20,1.4102e-20,1.4113e-20,1.4146e-20,1.4277e-20,1.4294e-20,1.4313e-20,1.4446e-20,1.4617e-20,1.4617e-20,1.4795e-20,1.4812e-20,1.5018e-20,1.5046e-20,1.509e-20,1.5305e-20,1.5413e-20,1.5578e-20,1.5583e-20,1.569e-20,1.5707e-20,1.5772e-20,1.5909e-20,1.5923e-20,1.6051e-20,1.6157e-20,1.6214e-20,1.6392e-20
0.045709,3.2654e-20,3.3136e-20,3.3145e-20,3.3257e-20,3.368e-20,3.3732e-20,3.3998e-20,3.4498e-20,3.4854e-20,3.5265e-20,3.5481e-20,3.6078e-20,3.6165e-20,3.7035e-20,3.714e-20,3.7516e-20,3.7717e-20,3.7892e-20,3.8375e-20,3.866e-20,3.8742e-20,3.877e-20,3.8778e-20,3.9067e-20,3.9884e-20,3.9951e-20,3.9968e-20,4.0416e-20,4.0562e-20,4.0597e-20,4.1238e-20,4.1854e-20,4.2562e-20,4.2967e-20,4.3291e-20,4.3414e-20,4.3596e-20,4.3666e-20,4.3687e-20,4.3843e-20,4.4726e-20,4.5139e-20,4.5253e-20,4.5762e-20,4.5819e-20,4.5895e-20,4.606e-20,4.6601e-20,4.664e-20,4.7252e-20,4.771e-20,4.8161e-20,4.8394e-20,4.8519e-20,4.9621e-20,5.0022e-20,5.0254e-20,5.0478e-20,5.0527e-20,5.126e-20,5.1418e-20,5.1422e-20,5.1805e-20,5.1825e-20,5.2006e-20,5.2016e-20,5.2359e-20,5.2385e-20,5.2677e-20,5.2949e-20,5.3306e-20,5.4623e-20,5.4982e-20,5.5009e-20,5.5087e-20,5.5403e-20,5.5444e-20,5.5489e-20,5.5809e-20,5.6221e-20,5.6221e-20,5.6649e-20,5.6689e-20,5.7184e-20,5.7254e-20,5.7359e-20,5.7875e-20,5.8136e-20,5.8531e-20,5.8546e-20,5.8801e-20,5.8843e-20,5.8998e-20,5.9328e-20,5.9363e-20,5.967e-20,5.9925e-20,6.0062e-20,6.0489e-20
0.052481,2.6402e-19,2.635e-19,2.6349e-19,2.6337e-19,2.6291e-19,2.6285e-19,2.6256e-19,2.6201e-19,2.6163e-19,2.6118e-19,2.6094e-19,2.6029e-19,2.602e-19,2.5925e-19,2.5913e-19,2.5872e-19,2.5851e-19,2.5831e-19,2.5779e-19,2.5748e-19,2.5739e-19,2.5736e-19,2.5735e-19,2.5703e-19,2.5614e-19,2.5607e-19,2.5605e-19,2.5556e-19,2.554e-19,2.5537e-19,2.5467e-19,2.5399e-19,2.5322e-19,2.5278e-19,2.5243e-19,2.5229e-19,2.521e-19,2.5202e-19,2.52e-19,2.5183e-19,2.5086e-19,2.5041e-19,2.5029e-19,2.4973e-19,2.4967e-19,2.4959e-19,2.4941e-19,2.4882e-19,2.4878e-19,2.4811e-19,2.4761e-19,2.4712e-19,2.4686e-19,2.4673e-19,2.4553e-19,2.4509e-19,2.4484e-19,2.4459e-19,2.4454e-19,2.4374e-19,2.4357e-19,2.4356e-19,2.4315e-19,2.4312e-19,2.4293e-19,2.4292e-19,2.4254e-19,2.4251e-19,2.422e-19,2.419e-19,2.4151e-19,2.4007e-19,2.3968e-19,2.3965e-19,2.3957e-19,2.3922e-19,2.3918e-19,2.3913e-19,2.3878e-19,2.3833e-19,2.3833e-19,2.3787e-19,2.3782e-19,2.3728e-19,2.3721e-19,2.3709e-19,2.3653e-19,2.3624e-19,2.3581e-19,2.358e-19,2.3552e-19,2.3547e-19,2.353e-19,2.3494e-19,2.3491e-19,2.3457e-19,2.3429e-19,2.3414e-19,2.3368e-19
0.060256,2.2631e-18,2.2414e-18,2.241e-18,2.236e-18,2.2169e-18,2.2146e-18,2.2026e-18,2.18e-18,2.164e-18,2.1455e-18,2.1358e-18,2.1089e-18,2.1049e-18,2.0658e-18,2.061e-18,2.0441e-18,2.035e-18,2.0271e-18,2.0054e-18,1.9925e-18,1.9888e-18,1.9876e-18,1.9872e-18,1.9742e-18,1.9374e-18,1.9344e-18,1.9336e-18,1.9135e-18,1.9068e-18,1.9053e-18,1.8764e-18,1.8486e-18,1.8167e-18,1.7985e-18,1.7839e-18,1.7784e-18,1.7702e-18,1.767e-18,1.7661e-18,1.7591e-18,1.7193e-18,1.7007e-18,1.6955e-18,1.6726e-18,1.67e-18,1.6666e-18,1.6592e-18,1.6348e-18,1.633e-18,1.6055e-18,1.5848e-18,1.5645e-18,1.554e-18,1.5484e-18,1.4987e-18,1.4807e-18,1.4702e-18,1.4601e-18,1.4579e-18,1.4249e-18,1.4178e-18,1.4176e-18,1.4004e-18,1.3995e-18,1.3913e-18,1.3908e-18,1.3754e-18,1.3742e-18,1.3611e-18,1.3488e-18,1.3327e-18,1.2734e-18,1.2572e-18,1.256e-18,1.2525e-18,1.2383e-18,1.2364e-18,1.2344e-18,1.22e-18,1.2014e-18,1.2014e-18,1.1822e-18,1.1803e-18,1.158e-18,1.1549e-18,1.1501e-18,1.1269e-18,1.1152e-18,1.0973e-18,1.0967e-18,1.0852e-18,1.0833e-18,1.0763e-18,1.0614e-18,1.0599e-18,1.046e-18,1.0346e-18,1.0284e-18,1.0091e-18
0.069183,1.9135e-17,1.8894e-17,1.8889e-17,1.8833e-17,1.8621e-17,1.8595e-17,1.8461e-17,1.8211e-17,1.8032e-17,1.7826e-17,1.7718e-17,1.7419e-17,1.7375e-17,1.6939e-17,1.6886e-17,1.6697e-17,1.6597e-17,1.6509e-17,1.6267e-17,1.6124e-17,1.6083e-17,1.6069e-17,1.6064e-17,1.592e-17,1.551e-17,1.5476e-17,1.5468e-17,1.5244e-17,1.517e-17,1.5153e-17,1.4831e-17,1.4522e-17,1.4167e-17,1.3964e-17,1.3802e-17,1.374e-17,1.3649e-17,1.3614e-17,1.3603e-17,1.3525e-17,1.3082e-17,1.2875e-17,1.2818e-17,1.2563e-17,1.2534e-17,1.2496e-17,1.2413e-17,1.2142e-17,1.2122e-17,1.1816e-17,1.1586e-17,1.136e-17,1.1243e-17,1.118e-17,1.0627e-17,1.0426e-17,1.031e-17,1.0198e-17,1.0173e-17,9.8057e-18,9.7265e-18,9.7244e-18,9.5328e-18,9.5224e-18,9.4319e-18,9.4266e-18,9.2545e-18,9.2415e-18,9.0951e-18,8.9588e-18,8.78e-18,8.1195e-18,7.9394e-18,7.9258e-18,7.8869e-18,7.7286e-18,7.708e-18,7.6855e-18,7.5248e-18,7.3185e-18,7.3182e-18,7.1038e-18,7.0835e-18,6.8352e-18,6.8005e-18,6.7475e-18,6.4887e-18,6.3581e-18,6.1599e-18,6.1527e-18,6.0248e-18,6.0035e-18,5.9257e-18,5.7602e-18,5.7428e-18,5.5887e-18,5.4611e-18,5.3923e-18,5.1781e-18
0.079433,1.5476e-16,1.5263e-16,1.5259e-16,1.5209e-16,1.5021e-16,1.4998e-16,1.488e-16,1.4659e-16,1.4501e-16,1.4318e-16,1.4223e-16,1.3958e-16,1.3919e-16,1.3534e-16,1.3487e-16,1.332e-16,1.3231e-16,1.3153e-16,1.2939e-16,1.2813e-16,1.2777e-16,1.2764e-16,1.2761e-16,1.2633e-16,1.227e-16,1.224e-16,1.2233e-16,1.2035e-16,1.1969e-16,1.1954e-16,1.167e-16,1.1397e-16,1.1083e-16,1.0903e-16,1.0759e-16,1.0705e-16,1.0624e-16,1.0593e-16,1.0584e-16,1.0515e-16,1.0123e-16,9.9399e-17,9.8894e-17,9.6637e-17,9.6383e-17,9.6048e-17,9.5314e-17,9.2917e-17,9.2743e-17,9.0029e-17,8.7998e-17,8.5996e-17,8.4963e-17,8.4409e-17,7.9521e-17,7.7743e-17,7.6714e-17,7.5721e-17,7.5506e-17,7.2254e-17,7.1553e-17,7.1535e-17,6.984e-17,6.9749e-17,6.8948e-17,6.8901e-17,6.7379e-17,6.7264e-17,6.5969e-17,6.4764e-17,6.3183e-17,5.7341e-17,5.5748e-17,5.5628e-17,5.5284e-17,5.3884e-17,5.3702e-17,5.3503e-17,5.2082e-17,5.0257e-17,5.0254e-17,4.8359e-17,4.8179e-17,4.5983e-17,4.5676e-17,4.5207e-17,4.2918e-17,4.1764e-17,4.001e-17,3.9946e-17,3.8815e-17,3.8628e-17,3.7939e-17,3.6476e-17,3.6322e-17,3.4959e-17,3.383e-17,3.3222e-17,3.1328e-17
0.091201,1.1833e-15,1.1664e-15,1.1661e-15,1.1621e-15,1.1473e-15,1.1455e-15,1.1361e-15,1.1186e-15,1.1061e-15,1.0917e-15,1.0842e-15,1.0632e-15,1.0602e-15,1.0297e-15,1.026e-15,1.0128e-15,1.0058e-15,9.9964e-16,9.8272e-16,9.7274e-16,9.6986e-16,9.689e-16,9.6859e-16,9.5847e-16,9.2985e-16,9.2748e-16,9.2688e-16,9.1121e-16,9.0607e-16,9.0486e-16,8.8237e-16,8.6078e-16,8.3596e-16,8.2179e-16,8.1041e-16,8.0613e-16,7.9974e-16,7.9729e-16,7.9654e-16,7.9109e-16,7.6013e-16,7.4565e-16,7.4166e-16,7.2382e-16,7.2181e-16,7.1916e-16,7.1336e-16,6.9442e-16,6.9304e-16,6.7159e-16,6.5554e-16,6.3971e-16,6.3155e-16,6.2718e-16,5.8854e-16,5.7448e-16,5.6635e-16,5.585e-16,5.568e-16,5.311e-16,5.2556e-16,5.2542e-16,5.1202e-16,5.113e-16,5.0497e-16,5.046e-16,4.9257e-16,4.9166e-16,4.8143e-16,4.719e-16,4.594e-16,4.1323e-16,4.0064e-16,3.9969e-16,3.9697e-16,3.8591e-16,3.8447e-16,3.829e-16,3.7166e-16,3.5724e-16,3.5722e-16,3.4223e-16,3.4081e-16,3.2346e-16,3.2103e-16,3.1733e-16,2.9924e-16,2.9011e-16,2.7625e-16,2.7575e-16,2.6681e-16,2.6532e-16,2.5988e-16,2.4831e-16,2.471e-16,2.3632e-16,2.274e-16,2.226e-16,2.0762e-16
0.10471,8.5167e-15,8.3936e-15,8.3912e-15,8.3626e-15,8.2544e-15,8.2411e-15,8.1731e-15,8.0453e-15,7.9543e-15,7.8492e-15,7.794e-15,7.6414e-15,7.6191e-15,7.3968e-15,7.3699e-15,7.2737e-15,7.2225e-15,7.1775e-15,7.0541e-15,6.9812e-15,6.9603e-15,6.9532e-15,6.951e-15,6.8772e-15,6.6684e-15,6.6511e-15,6.6468e-15,6.5325e-15,6.495e-15,6.4862e-15,6.3221e-15,6.1647e-15,5.9837e-15,5.8803e-15,5.7973e-15,5.766e-15,5.7194e-15,5.7016e-15,5.6961e-15,5.6563e-15,5.4306e-15,5.3249e-15,5.2958e-15,5.1657e-15,5.1511e-15,5.1317e-15,5.0894e-15,4.9513e-15,4.9412e-15,4.7848e-15,4.6677e-15,4.5523e-15,4.4928e-15,4.4608e-15,4.179e-15,4.0765e-15,4.0172e-15,3.9599e-15,3.9475e-15,3.76e-15,3.7197e-15,3.7186e-15,3.6209e-15,3.6156e-15,3.5695e-15,3.5668e-15,3.479e-15,3.4724e-15,3.3978e-15,3.3283e-15,3.2371e-15,2.9004e-15,2.8085e-15,2.8016e-15,2.7818e-15,2.7011e-15,2.6906e-15,2.6791e-15,2.5972e-15,2.492e-15,2.4918e-15,2.3825e-15,2.3722e-15,2.2456e-15,2.2279e-15,2.2008e-15,2.0689e-15,2.0023e-15,1.9012e-15,1.8976e-15,1.8324e-15,1.8215e-15,1.7818e-15,1.6975e-15,1.6886e-15,1.61e-15,1.545e-15,1.5099e-15,1.4007e-15
0.12023,5.7607e-14,5.677e-14,5.6754e-14,5.6559e-14,5.5823e-14,5.5733e-14,5.527e-14,5.4401e-14,5.3781e-14,5.3067e-14,5.2691e-14,5.1654e-14,5.1502e-14,4.999e-14,4.9807e-14,4.9152e-14,4.8804e-14,4.8498e-14,4.7659e-14,4.7163e-14,4.7021e-14,4.6973e-14,4.6958e-14,4.6456e-14,4.5036e-14,4.4918e-14,4.4888e-14,4.4111e-14,4.3856e-14,4.3796e-14,4.268e-14,4.1609e-14,4.0378e-14,3.9675e-14,3.911e-14,3.8898e-14,3.8581e-14,3.8459e-14,3.8422e-14,3.8152e-14,3.6616e-14,3.5897e-14,3.5699e-14,3.4815e-14,3.4715e-14,3.4583e-14,3.4296e-14,3.3356e-14,3.3288e-14,3.2223e-14,3.1427e-14,3.0642e-14,3.0237e-14,3.002e-14,2.8103e-14,2.7406e-14,2.7003e-14,2.6613e-14,2.6529e-14,2.5253e-14,2.4979e-14,2.4972e-14,2.4307e-14,2.4271e-14,2.3957e-14,2.3939e-14,2.3342e-14,2.3297e-14,2.2789e-14,2.2316e-14,2.1697e-14,1.9406e-14,1.8781e-14,1.8734e-14,1.8599e-14,1.8051e-14,1.7979e-14,1.7901e-14,1.7344e-14,1.6628e-14,1.6627e-14,1.5884e-14,1.5813e-14,1.4952e-14,1.4832e-14,1.4648e-14,1.3751e-14,1.3298e-14,1.261e-14,1.2585e-14,1.2142e-14,1.2068e-14,1.1798e-14,1.1224e-14,1.1164e-14,1.063e-14,1.0187e-14,9.9487e-15,9.2058e-15
0.13804,3.6601e-13,3.6068e-13,3.6058e-13,3.5934e-13,3.5465e-13,3.5408e-13,3.5113e-13,3.4559e-13,3.4165e-13,3.371e-13,3.347e-13,3.281e-13,3.2713e-13,3.175e-13,3.1634e-13,3.1216e-13,3.0995e-13,3.08e-13,3.0265e-13,2.995e-13,2.9859e-13,2.9828e-13,2.9819e-13,2.9499e-13,2.8595e-13,2.852e-13,2.8501e-13,2.8006e-13,2.7843e-13,2.7805e-13,2.7094e-13,2.6412e-13,2.5628e-13,2.518e-13,2.4821e-13,2.4685e-13,2.4483e-13,2.4406e-13,2.4382e-13,2.421e-13,2.3232e-13,2.2774e-13,2.2648e-13,2.2085e-13,2.2021e-13,2.1937e-13,2.1754e-13,2.1155e-13,2.1112e-13,2.0434e-13,1.9927e-13,1.9427e-13,1.9169e-13,1.9031e-13,1.781e-13,1.7366e-13,1.7109e-13,1.6861e-13,1.6807e-13,1.5995e-13,1.582e-13,1.5815e-13,1.5392e-13,1.5369e-13,1.5169e-13,1.5158e-13,1.4777e-13,1.4749e-13,1.4425e-13,1.4124e-13,1.3729e-13,1.2271e-13,1.1873e-13,1.1843e-13,1.1757e-13,1.1407e-13,1.1362e-13,1.1312e-13,1.0957e-13,1.0501e-13,1.0501e-13,1.0027e-13,9.9823e-14,9.4339e-14,9.3572e-14,9.2401e-14,8.6685e-14,8.3802e-14,7.9422e-14,7.9263e-14,7.6438e-14,7.5969e-14,7.4249e-14,7.0595e-14,7.0211e-14,6.6806e-14,6.3988e-14,6.247e-14,5.7738e-14
0.15849,2.1837e-12,2.1519e-12,2.1513e-12,2.1439e-12,2.1159e-12,2.1124e-12,2.0948e-12,2.0618e-12,2.0382e-12,2.011e-12,1.9967e-12,1.9573e-12,1.9515e-12,1.894e-12,1.887e-12,1.8621e-12,1.8488e-12,1.8372e-12,1.8053e-12,1.7864e-12,1.781e-12,1.7792e-12,1.7786e-12,1.7595e-12,1.7055e-12,1.701e-12,1.6999e-12,1.6703e-12,1.6606e-12,1.6583e-12,1.6159e-12,1.5751e-12,1.5283e-12,1.5015e-12,1.4801e-12,1.472e-12,1.4599e-12,1.4553e-12,1.4539e-12,1.4436e-12,1.3852e-12,1.3578e-12,1.3503e-12,1.3167e-12,1.3129e-12,1.3079e-12,1.2969e-12,1.2612e-12,1.2586e-12,1.2181e-12,1.1878e-12,1.1579e-12,1.1425e-12,1.1342e-12,1.0613e-12,1.0348e-12,1.0195e-12,1.0046e-12,1.0014e-12,9.5292e-13,9.4247e-13,9.422e-13,9.1692e-13,9.1555e-13,9.036e-13,9.0291e-13,8.8021e-13,8.7849e-13,8.5917e-13,8.4119e-13,8.1761e-13,7.3047e-13,7.0671e-13,7.0491e-13,6.9978e-13,6.789e-13,6.7618e-13,6.7322e-13,6.5201e-13,6.248e-13,6.2475e-13,5.9647e-13,5.9379e-13,5.6104e-13,5.5645e-13,5.4946e-13,5.1532e-13,4.981e-13,4.7194e-13,4.7099e-13,4.5411e-13,4.5131e-13,4.4104e-13,4.1921e-13,4.1692e-13,3.9658e-13,3.7975e-13,3.7068e-13,3.4242e-13
0.18197,1.2233e-11,1.2055e-11,1.2051e-11,1.201e-11,1.1853e-11,1.1834e-11,1.1735e-11,1.1549e-11,1.1417e-11,1.1265e-11,1.1185e-11,1.0964e-11,1.0931e-11,1.0609e-11,1.057e-11,1.043e-11,1.0356e-11,1.0291e-11,1.0112e-11,1.0006e-11,9.9759e-12,9.9657e-12,9.9625e-12,9.8554e-12,9.5526e-12,9.5275e-12,9.5212e-12,9.3554e-12,9.3011e-12,9.2883e-12,9.0503e-12,8.822e-12,8.5595e-12,8.4095e-12,8.2892e-12,8.2439e-12,8.1762e-12,8.1504e-12,8.1424e-12,8.0847e-12,7.7573e-12,7.6041e-12,7.5619e-12,7.3732e-12,7.3519e-12,7.3239e-12,7.2626e-12,7.0621e-12,7.0476e-12,6.8207e-12,6.6509e-12,6.4835e-12,6.3972e-12,6.3509e-12,5.9421e-12,5.7935e-12,5.7075e-12,5.6244e-12,5.6064e-12,5.3345e-12,5.276e-12,5.2744e-12,5.1327e-12,5.1251e-12,5.0581e-12,5.0542e-12,4.927e-12,4.9173e-12,4.8091e-12,4.7083e-12,4.5761e-12,4.0877e-12,3.9545e-12,3.9444e-12,3.9157e-12,3.7986e-12,3.7834e-12,3.7668e-12,3.6479e-12,3.4954e-12,3.4951e-12,3.3367e-12,3.3216e-12,3.138e-12,3.1123e-12,3.0732e-12,2.8818e-12,2.7853e-12,2.6386e-12,2.6333e-12,2.5387e-12,2.523e-12,2.4655e-12,2.3431e-12,2.3303e-12,2.2163e-12,2.122e-12,2.0711e-12,1.9127e-12
0.20893,6.4342e-11,6.3403e-11,6.3385e-11,6.3166e-11,6.2341e-11,6.224e-11,6.172e-11,6.0745e-11,6.005e-11,5.9249e-11,5.8827e-11,5.7663e-11,5.7493e-11,5.5797e-11,5.5592e-11,5.4858e-11,5.4467e-11,5.4124e-11,5.3182e-11,5.2626e-11,5.2466e-11,5.2413e-11,5.2396e-11,5.1832e-11,5.0239e-11,5.0107e-11,5.0074e-11,4.9202e-11,4.8916e-11,4.8849e-11,4.7597e-11,4.6396e-11,4.5015e-11,4.4226e-11,4.3592e-11,4.3354e-11,4.2998e-11,4.2862e-11,4.282e-11,4.2517e-11,4.0794e-11,3.9988e-11,3.9766e-11,3.8774e-11,3.8662e-11,3.8514e-11,3.8191e-11,3.7137e-11,3.7061e-11,3.5867e-11,3.4973e-11,3.4093e-11,3.3639e-11,3.3395e-11,3.1245e-11,3.0463e-11,3.001e-11,2.9573e-11,2.9478e-11,2.8048e-11,2.774e-11,2.7732e-11,2.6986e-11,2.6946e-11,2.6594e-11,2.6573e-11,2.5904e-11,2.5853e-11,2.5284e-11,2.4753e-11,2.4058e-11,2.1488e-11,2.0788e-11,2.0735e-11,2.0583e-11,1.9968e-11,1.9887e-11,1.98e-11,1.9175e-11,1.8372e-11,1.8371e-11,1.7537e-11,1.7458e-11,1.6492e-11,1.6357e-11,1.6151e-11,1.5144e-11,1.4636e-11,1.3865e-11,1.3837e-11,1.3339e-11,1.3257e-11,1.2954e-11,1.231e-11,1.2242e-11,1.1643e-11,1.1147e-11,1.0879e-11,1.0046e-11
0.23988,3.1771e-10,3.1307e-10,3.1298e-10,3.119e-10,3.0782e-10,3.0732e-10,3.0476e-10,2.9994e-10,2.9651e-10,2.9255e-10,2.9047e-10,2.8473e-10,2.8389e-10,2.7551e-10,2.745e-10,2.7087e-10,2.6894e-10,2.6724e-10,2.6259e-10,2.5985e-10,2.5906e-10,2.5879e-10,2.5871e-10,2.5593e-10,2.4806e-10,2.4741e-10,2.4725e-10,2.4294e-10,2.4153e-10,2.4119e-10,2.3501e-10,2.2908e-10,2.2226e-10,2.1836e-10,2.1524e-10,2.1406e-10,2.123e-10,2.1163e-10,2.1142e-10,2.0992e-10,2.0142e-10,1.9744e-10,1.9634e-10,1.9144e-10,1.9089e-10,1.9016e-10,1.8856e-10,1.8336e-10,1.8298e-10,1.7708e-10,1.7267e-10,1.6832e-10,1.6608e-10,1.6488e-10,1.5426e-10,1.5039e-10,1.4816e-10,1.46e-10,1.4553e-10,1.3847e-10,1.3695e-10,1.3691e-10,1.3323e-10,1.3303e-10,1.3129e-10,1.3119e-10,1.2788e-10,1.2763e-10,1.2482e-10,1.222e-10,1.1877e-10,1.0608e-10,1.0262e-10,1.0235e-10,1.0161e-10,9.8566e-11,9.817e-11,9.7739e-11,9.4651e-11,9.0687e-11,9.0681e-11,8.6563e-11,8.6172e-11,8.1403e-11,8.0735e-11,7.9717e-11,7.4745e-11,7.2237e-11,6.8428e-11,6.8289e-11,6.5832e-11,6.5424e-11,6.3928e-11,6.075e-11,6.0416e-11,5.7454e-11,5.5003e-11,5.3682e-11,4.9567e-11
0.27542,1.4729e-09,1.4514e-09,1.451e-09,1.446e-09,1.4271e-09,1.4248e-09,1.4129e-09,1.3906e-09,1.3747e-09,1.3563e-09,1.3467e-09,1.32e-09,1.3161e-09,1.2773e-09,1.2726e-09,1.2558e-09,1.2468e-09,1.239e-09,1.2174e-09,1.2047e-09,1.201e-09,1.1998e-09,1.1994e-09,1.1865e-09,1.15e-09,1.147e-09,1.1462e-09,1.1263e-09,1.1197e-09,1.1182e-09,1.0895e-09,1.062e-09,1.0304e-09,1.0123e-09,9.9783e-10,9.9237e-10,9.8423e-10,9.8112e-10,9.8016e-10,9.7321e-10,9.3376e-10,9.1531e-10,9.1022e-10,8.8749e-10,8.8493e-10,8.8156e-10,8.7417e-10,8.5002e-10,8.4827e-10,8.2093e-10,8.0048e-10,7.8032e-10,7.6992e-10,7.6434e-10,7.151e-10,6.9719e-10,6.8683e-10,6.7683e-10,6.7466e-10,6.4191e-10,6.3485e-10,6.3467e-10,6.176e-10,6.1668e-10,6.0861e-10,6.0814e-10,5.9281e-10,5.9165e-10,5.7861e-10,5.6647e-10,5.5055e-10,4.9171e-10,4.7567e-10,4.7445e-10,4.7099e-10,4.5689e-10,4.5506e-10,4.5306e-10,4.3874e-10,4.2036e-10,4.2033e-10,4.0124e-10,3.9943e-10,3.7732e-10,3.7422e-10,3.695e-10,3.4645e-10,3.3482e-10,3.1716e-10,3.1652e-10,3.0512e-10,3.0323e-10,2.963e-10,2.8156e-10,2.8001e-10,2.6628e-10,2.5491e-10,2.4879e-10,2.2971e-10
0.31623,6.4111e-09,6.3175e-09,6.3157e-09,6.2939e-09,6.2117e-09,6.2016e-09,6.1498e-09,6.0526e-09,5.9834e-09,5.9035e-09,5.8615e-09,5.7455e-09,5.7286e-09,5.5595e-09,5.5391e-09,5.4658e-09,5.4269e-09,5.3927e-09,5.2988e-09,5.2435e-09,5.2275e-09,5.2222e-09,5.2205e-09,5.1643e-09,5.0056e-09,4.9924e-09,4.9891e-09,4.9022e-09,4.8737e-09,4.867e-09,4.7422e-09,4.6225e-09,4.4848e-09,4.4062e-09,4.3431e-09,4.3193e-09,4.2839e-09,4.2703e-09,4.2661e-09,4.2359e-09,4.0642e-09,3.9839e-09,3.9617e-09,3.8628e-09,3.8517e-09,3.837e-09,3.8048e-09,3.6997e-09,3.6921e-09,3.5731e-09,3.4841e-09,3.3963e-09,3.351e-09,3.3267e-09,3.1124e-09,3.0345e-09,2.9894e-09,2.9458e-09,2.9364e-09,2.7938e-09,2.7631e-09,2.7623e-09,2.688e-09,2.684e-09,2.6489e-09,2.6468e-09,2.5801e-09,2.5751e-09,2.5183e-09,2.4655e-09,2.3961e-09,2.1401e-09,2.0702e-09,2.0649e-09,2.0499e-09,1.9885e-09,1.9805e-09,1.9718e-09,1.9095e-09,1.8295e-09,1.8294e-09,1.7463e-09,1.7384e-09,1.6421e-09,1.6286e-09,1.6081e-09,1.5078e-09,1.4571e-09,1.3803e-09,1.3775e-09,1.3279e-09,1.3196e-09,1.2894e-09,1.2253e-09,1.2186e-09,1.1588e-09,1.1093e-09,1.0827e-09,9.9961e-10
0.36308,2.6199e-08,2.5816e-08,2.5809e-08,2.572e-08,2.5383e-08,2.5342e-08,2.5131e-08,2.4734e-08,2.4451e-08,2.4124e-08,2.3953e-08,2.3478e-08,2.3409e-08,2.2718e-08,2.2635e-08,2.2336e-08,2.2176e-08,2.2037e-08,2.1653e-08,2.1427e-08,2.1362e-08,2.134e-08,2.1333e-08,2.1104e-08,2.0455e-08,2.0401e-08,2.0387e-08,2.0032e-08,1.9916e-08,1.9888e-08,1.9379e-08,1.8889e-08,1.8327e-08,1.8005e-08,1.7747e-08,1.765e-08,1.7506e-08,1.745e-08,1.7433e-08,1.7309e-08,1.6608e-08,1.628e-08,1.6189e-08,1.5785e-08,1.5739e-08,1.5679e-08,1.5548e-08,1.5118e-08,1.5087e-08,1.4601e-08,1.4237e-08,1.3878e-08,1.3693e-08,1.3594e-08,1.2718e-08,1.24e-08,1.2216e-08,1.2038e-08,1.1999e-08,1.1416e-08,1.1291e-08,1.1288e-08,1.0984e-08,1.0968e-08,1.0824e-08,1.0816e-08,1.0543e-08,1.0522e-08,1.0291e-08,1.0075e-08,9.7913e-09,8.7448e-09,8.4594e-09,8.4378e-09,8.3762e-09,8.1254e-09,8.0927e-09,8.0571e-09,7.8025e-09,7.4756e-09,7.4751e-09,7.1355e-09,7.1032e-09,6.7099e-09,6.6548e-09,6.5709e-09,6.1608e-09,5.954e-09,5.6398e-09,5.6284e-09,5.4258e-09,5.3921e-09,5.2687e-09,5.0066e-09,4.979e-09,4.7348e-09,4.5327e-09,4.4237e-09,4.0843e-09
0.41687,1.0051e-07,9.9045e-08,9.9017e-08,9.8675e-08,9.7385e-08,9.7227e-08,9.6415e-08,9.4892e-08,9.3806e-08,9.2553e-08,9.1895e-08,9.0076e-08,8.9811e-08,8.716e-08,8.684e-08,8.5692e-08,8.5081e-08,8.4545e-08,8.3073e-08,8.2205e-08,8.1955e-08,8.1871e-08,8.1845e-08,8.0965e-08,7.8476e-08,7.8269e-08,7.8217e-08,7.6855e-08,7.6407e-08,7.6302e-08,7.4346e-08,7.2469e-08,7.0311e-08,6.9078e-08,6.8089e-08,6.7716e-08,6.716e-08,6.6948e-08,6.6883e-08,6.6408e-08,6.3716e-08,6.2457e-08,6.211e-08,6.0559e-08,6.0384e-08,6.0154e-08,5.9649e-08,5.8002e-08,5.7882e-08,5.6016e-08,5.4621e-08,5.3244e-08,5.2535e-08,5.2154e-08,4.8794e-08,4.7572e-08,4.6865e-08,4.6182e-08,4.6034e-08,4.3799e-08,4.3317e-08,4.3305e-08,4.214e-08,4.2077e-08,4.1526e-08,4.1494e-08,4.0448e-08,4.0369e-08,3.9479e-08,3.8651e-08,3.7564e-08,3.3549e-08,3.2454e-08,3.2371e-08,3.2135e-08,3.1173e-08,3.1047e-08,3.0911e-08,2.9934e-08,2.868e-08,2.8678e-08,2.7375e-08,2.7251e-08,2.5742e-08,2.5531e-08,2.5209e-08,2.3635e-08,2.2842e-08,2.1636e-08,2.1593e-08,2.0815e-08,2.0686e-08,2.0213e-08,1.9207e-08,1.9101e-08,1.8164e-08,1.7389e-08,1.6971e-08,1.5668e-08
0.47863,3.6205e-07,3.5676e-07,3.5666e-07,3.5543e-07,3.5078e-07,3.5021e-07,3.4729e-07,3.418e-07,3.3789e-07,3.3338e-07,3.3101e-07,3.2446e-07,3.235e-07,3.1395e-07,3.128e-07,3.0866e-07,3.0646e-07,3.0453e-07,2.9923e-07,2.961e-07,2.952e-07,2.949e-07,2.9481e-07,2.9164e-07,2.8267e-07,2.8193e-07,2.8174e-07,2.7683e-07,2.7522e-07,2.7484e-07,2.678e-07,2.6104e-07,2.5326e-07,2.4882e-07,2.4526e-07,2.4391e-07,2.4191e-07,2.4115e-07,2.4091e-07,2.392e-07,2.2951e-07,2.2497e-07,2.2372e-07,2.1813e-07,2.175e-07,2.1667e-07,2.1486e-07,2.0892e-07,2.0849e-07,2.0177e-07,1.9674e-07,1.9179e-07,1.8923e-07,1.8786e-07,1.7576e-07,1.7135e-07,1.6881e-07,1.6635e-07,1.6581e-07,1.5776e-07,1.5603e-07,1.5598e-07,1.5179e-07,1.5156e-07,1.4958e-07,1.4946e-07,1.4569e-07,1.4541e-07,1.422e-07,1.3922e-07,1.353e-07,1.2084e-07,1.169e-07,1.166e-07,1.1575e-07,1.1228e-07,1.1183e-07,1.1134e-07,1.0782e-07,1.033e-07,1.0329e-07,9.8602e-08,9.8156e-08,9.272e-08,9.1959e-08,9.0799e-08,8.5132e-08,8.2274e-08,7.7932e-08,7.7774e-08,7.4974e-08,7.4509e-08,7.2804e-08,6.9181e-08,6.88e-08,6.5425e-08,6.2632e-08,6.1126e-08,5.6435e-08
0.54954,1.2244e-06,1.2065e-06,1.2061e-06,1.202e-06,1.1863e-06,1.1843e-06,1.1744e-06,1.1559e-06,1.1427e-06,1.1274e-06,1.1194e-06,1.0972e-06,1.094e-06,1.0617e-06,1.0578e-06,1.0438e-06,1.0364e-06,1.0299e-06,1.0119e-06,1.0013e-06,9.9831e-07,9.9728e-07,9.9696e-07,9.8624e-07,9.5592e-07,9.534e-07,9.5277e-07,9.3617e-07,9.3072e-07,9.2944e-07,9.0562e-07,8.8275e-07,8.5646e-07,8.4145e-07,8.2939e-07,8.2486e-07,8.1808e-07,8.155e-07,8.147e-07,8.0892e-07,7.7613e-07,7.6079e-07,7.5656e-07,7.3767e-07,7.3554e-07,7.3273e-07,7.2659e-07,7.0652e-07,7.0506e-07,6.8234e-07,6.6533e-07,6.4857e-07,6.3993e-07,6.3529e-07,5.9436e-07,5.7947e-07,5.7086e-07,5.6254e-07,5.6074e-07,5.3351e-07,5.2765e-07,5.2749e-07,5.133e-07,5.1254e-07,5.0583e-07,5.0544e-07,4.927e-07,4.9173e-07,4.8089e-07,4.708e-07,4.5756e-07,4.0865e-07,3.9531e-07,3.943e-07,3.9143e-07,3.7971e-07,3.7818e-07,3.7652e-07,3.6461e-07,3.4934e-07,3.4931e-07,3.3344e-07,3.3194e-07,3.1355e-07,3.1098e-07,3.0706e-07,2.8789e-07,2.7822e-07,2.6354e-07,2.6301e-07,2.5354e-07,2.5196e-07,2.462e-07,2.3395e-07,2.3266e-07,2.2125e-07,2.118e-07,2.0671e-07,1.9084e-07
0.63096,3.8872e-06,3.8305e-06,3.8294e-06,3.8162e-06,3.7663e-06,3.7602e-06,3.7288e-06,3.6699e-06,3.6279e-06,3.5794e-06,3.554e-06,3.4836e-06,3.4734e-06,3.3708e-06,3.3584e-06,3.3141e-06,3.2904e-06,3.2697e-06,3.2128e-06,3.1792e-06,3.1696e-06,3.1663e-06,3.1653e-06,3.1312e-06,3.035e-06,3.027e-06,3.025e-06,2.9723e-06,2.955e-06,2.9509e-06,2.8753e-06,2.8027e-06,2.7192e-06,2.6715e-06,2.6333e-06,2.6189e-06,2.5974e-06,2.5891e-06,2.5866e-06,2.5683e-06,2.4642e-06,2.4154e-06,2.402e-06,2.342e-06,2.3353e-06,2.3264e-06,2.3069e-06,2.2431e-06,2.2385e-06,2.1664e-06,2.1124e-06,2.0592e-06,2.0317e-06,2.017e-06,1.887e-06,1.8398e-06,1.8124e-06,1.786e-06,1.7803e-06,1.6938e-06,1.6752e-06,1.6747e-06,1.6297e-06,1.6273e-06,1.606e-06,1.6047e-06,1.5643e-06,1.5612e-06,1.5268e-06,1.4947e-06,1.4527e-06,1.2974e-06,1.2551e-06,1.2519e-06,1.2427e-06,1.2055e-06,1.2007e-06,1.1954e-06,1.1576e-06,1.1091e-06,1.109e-06,1.0586e-06,1.0539e-06,9.955e-07,9.8733e-07,9.7487e-07,9.1403e-07,8.8333e-07,8.3672e-07,8.3502e-07,8.0495e-07,7.9996e-07,7.8166e-07,7.4276e-07,7.3867e-07,7.0243e-07,6.7244e-07,6.5627e-07,6.0591e-07
0.72444,1.1587e-05,1.1418e-05,1.1415e-05,1.1375e-05,1.1227e-05,1.1208e-05,1.1115e-05,1.0939e-05,1.0814e-05,1.067e-05,1.0594e-05,1.0384e-05,1.0353e-05,1.0048e-05,1.0011e-05,9.8786e-06,9.8082e-06,9.7464e-06,9.5768e-06,9.4767e-06,9.4479e-06,9.4382e-06,9.4352e-06,9.3337e-06,9.0467e-06,9.0229e-06,9.017e-06,8.8599e-06,8.8083e-06,8.7962e-06,8.5707e-06,8.3543e-06,8.1055e-06,7.9634e-06,7.8493e-06,7.8064e-06,7.7423e-06,7.7178e-06,7.7102e-06,7.6556e-06,7.3452e-06,7.2e-06,7.16e-06,6.9812e-06,6.9611e-06,6.9345e-06,6.8763e-06,6.6864e-06,6.6726e-06,6.4575e-06,6.2966e-06,6.138e-06,6.0562e-06,6.0123e-06,5.6249e-06,5.484e-06,5.4025e-06,5.3238e-06,5.3068e-06,5.0491e-06,4.9936e-06,4.9921e-06,4.8578e-06,4.8506e-06,4.7871e-06,4.7834e-06,4.6628e-06,4.6537e-06,4.5511e-06,4.4555e-06,4.3303e-06,3.8674e-06,3.7412e-06,3.7316e-06,3.7044e-06,3.5935e-06,3.579e-06,3.5633e-06,3.4506e-06,3.3061e-06,3.3058e-06,3.1556e-06,3.1414e-06,2.9674e-06,2.943e-06,2.9059e-06,2.7245e-06,2.633e-06,2.4941e-06,2.489e-06,2.3994e-06,2.3845e-06,2.33e-06,2.214e-06,2.2018e-06,2.0938e-06,2.0044e-06,1.9562e-06,1.8061e-06
0.83176,3.2427e-05,3.1954e-05,3.1945e-05,3.1835e-05,3.1418e-05,3.1367e-05,3.1106e-05,3.0614e-05,3.0264e-05,2.986e-05,2.9647e-05,2.906e-05,2.8975e-05,2.8119e-05,2.8016e-05,2.7646e-05,2.7449e-05,2.7276e-05,2.6801e-05,2.6521e-05,2.644e-05,2.6413e-05,2.6405e-05,2.6121e-05,2.5318e-05,2.5251e-05,2.5234e-05,2.4795e-05,2.465e-05,2.4617e-05,2.3986e-05,2.338e-05,2.2684e-05,2.2286e-05,2.1967e-05,2.1846e-05,2.1667e-05,2.1599e-05,2.1577e-05,2.1424e-05,2.0556e-05,2.015e-05,2.0038e-05,1.9537e-05,1.9481e-05,1.9406e-05,1.9244e-05,1.8712e-05,1.8674e-05,1.8072e-05,1.7621e-05,1.7177e-05,1.6949e-05,1.6826e-05,1.5742e-05,1.5347e-05,1.5119e-05,1.4899e-05,1.4851e-05,1.413e-05,1.3975e-05,1.3971e-05,1.3595e-05,1.3575e-05,1.3397e-05,1.3387e-05,1.3049e-05,1.3024e-05,1.2736e-05,1.2469e-05,1.2118e-05,1.0823e-05,1.047e-05,1.0443e-05,1.0367e-05,1.0056e-05,1.0016e-05,9.972e-06,9.6567e-06,9.2521e-06,9.2515e-06,8.8311e-06,8.7912e-06,8.3043e-06,8.2362e-06,8.1323e-06,7.6247e-06,7.3687e-06,6.9798e-06,6.9657e-06,6.7148e-06,6.6732e-06,6.5205e-06,6.196e-06,6.1619e-06,5.8595e-06,5.6094e-06,5.4745e-06,5.0544e-06
0.95499,8.52e-05,8.3956e-05,8.3932e-05,8.3643e-05,8.2549e-05,8.2415e-05,8.1728e-05,8.0436e-05,7.9516e-05,7.8454e-05,7.7896e-05,7.6354e-05,7.6129e-05,7.3882e-05,7.361e-05,7.2637e-05,7.212e-05,7.1665e-05,7.0418e-05,6.9682e-05,6.947e-05,6.9399e-05,6.9377e-05,6.863e-05,6.652e-05,6.6345e-05,6.6301e-05,6.5146e-05,6.4767e-05,6.4678e-05,6.302e-05,6.1429e-05,5.9599e-05,5.8554e-05,5.7716e-05,5.74e-05,5.6929e-05,5.6749e-05,5.6693e-05,5.6291e-05,5.4009e-05,5.2942e-05,5.2647e-05,5.1333e-05,5.1184e-05,5.0989e-05,5.0562e-05,4.9165e-05,4.9064e-05,4.7482e-05,4.6299e-05,4.5132e-05,4.4531e-05,4.4208e-05,4.136e-05,4.0324e-05,3.9725e-05,3.9146e-05,3.902e-05,3.7126e-05,3.6717e-05,3.6707e-05,3.5719e-05,3.5666e-05,3.5199e-05,3.5172e-05,3.4285e-05,3.4218e-05,3.3464e-05,3.2761e-05,3.184e-05,2.8437e-05,2.7509e-05,2.7438e-05,2.7238e-05,2.6423e-05,2.6316e-05,2.6201e-05,2.5372e-05,2.4309e-05,2.4307e-05,2.3203e-05,2.3098e-05,2.1819e-05,2.164e-05,2.1367e-05,2.0033e-05,1.9361e-05,1.8339e-05,1.8302e-05,1.7643e-05,1.7533e-05,1.7132e-05,1.6279e-05,1.619e-05,1.5395e-05,1.4738e-05,1.4384e-05,1.328e-05
1.0965,0.00021017,0.0002071,0.00020704,0.00020633,0.00020363,0.0002033,0.0002016,0.00019842,0.00019615,0.00019353,0.00019215,0.00018835,0.00018779,0.00018225,0.00018158,0.00017918,0.0001779,0.00017678,0.0001737,0.00017189,0.00017137,0.00017119,0.00017113,0.00016929,0.00016409,0.00016366,0.00016355,0.0001607,0.00015976,0.00015954,0.00015545,0.00015153,0.00014702,0.00014444,0.00014237,0.00014159,0.00014043,0.00013998,0.00013985,0.00013886,0.00013323,0.00013059,0.00012987,0.00012662,0.00012626,0.00012578,0.00012472,0.00012128,0.00012103,0.00011713,0.00011421,0.00011133,0.00010985,0.00010905,0.00010202,9.9469e-05,9.799e-05,9.6563e-05,9.6253e-05,9.1579e-05,9.0573e-05,9.0546e-05,8.8111e-05,8.7979e-05,8.6828e-05,8.6761e-05,8.4574e-05,8.4408e-05,8.2547e-05,8.0814e-05,7.8542e-05,7.0146e-05,6.7857e-05,6.7684e-05,6.7189e-05,6.5178e-05,6.4916e-05,6.463e-05,6.2587e-05,5.9965e-05,5.996e-05,5.7236e-05,5.6977e-05,5.3822e-05,5.338e-05,5.2707e-05,4.9417e-05,4.7757e-05,4.5237e-05,4.5146e-05,4.352e-05,4.325e-05,4.226e-05,4.0157e-05,3.9936e-05,3.7977e-05,3.6355e-05,3.5481e-05,3.2758e-05
1.2589,0.00048673,0.00047963,0.00047949,0.00047783,0.00047159,0.00047082,0.00046689,0.00045951,0.00045426,0.00044819,0.000445,0.0004362,0.00043491,0.00042207,0.00042052,0.00041496,0.00041201,0.00040941,0.00040228,0.00039808,0.00039687,0.00039646,0.00039633,0.00039207,0.00038002,0.00037902,0.00037877,0.00037217,0.00037,0.00036949,0.00036002,0.00035093,0.00034048,0.00033451,0.00032972,0.00032791,0.00032522,0.00032419,0.00032388,0.00032158,0.00030854,0.00030244,0.00030076,0.00029325,0.00029241,0.00029129,0.00028885,0.00028087,0.00028029,0.00027126,0.0002645,0.00025783,0.0002544,0.00025255,0.00023628,0.00023036,0.00022694,0.00022363,0.00022292,0.00021209,0.00020976,0.0002097,0.00020406,0.00020375,0.00020109,0.00020093,0.00019587,0.00019548,0.00019117,0.00018716,0.0001819,0.00016245,0.00015715,0.00015675,0.00015561,0.00015095,0.00015034,0.00014968,0.00014495,0.00013887,0.00013886,0.00013255,0.00013196,0.00012465,0.00012362,0.00012206,0.00011445,0.0001106,0.00010477,0.00010455,0.00010079,0.00010016,9.7871e-05,9.3001e-05,9.2489e-05,8.7951e-05,8.4196e-05,8.2172e-05,7.5865e-05
1.4454,0.0010583,0.0010429,0.0010426,0.001039,0.0010254,0.0010237,0.0010152,0.00099913,0.0009877,0.00097451,0.00096758,0.00094843,0.00094563,0.00091772,0.00091435,0.00090226,0.00089583,0.00089019,0.00087469,0.00086555,0.00086292,0.00086203,0.00086176,0.00085249,0.00082628,0.0008241,0.00082356,0.00080921,0.0008045,0.0008034,0.0007828,0.00076304,0.00074031,0.00072733,0.00071691,0.00071299,0.00070714,0.0007049,0.00070421,0.00069922,0.00067087,0.00065761,0.00065396,0.00063763,0.00063578,0.00063336,0.00062805,0.0006107,0.00060944,0.0005898,0.0005751,0.00056061,0.00055314,0.00054913,0.00051375,0.00050088,0.00049344,0.00048625,0.00048469,0.00046115,0.00045608,0.00045595,0.00044369,0.00044302,0.00043723,0.00043689,0.00042587,0.00042504,0.00041567,0.00040694,0.0003955,0.00035323,0.0003417,0.00034082,0.00033834,0.00032821,0.00032689,0.00032545,0.00031516,0.00030196,0.00030193,0.00028821,0.00028691,0.00027102,0.0002688,0.00026541,0.00024884,0.00024049,0.00022779,0.00022733,0.00021915,0.00021779,0.0002128,0.00020221,0.0002011,0.00019123,0.00018307,0.00017867,0.00016496
1.6596,0.0021604,0.0021288,0.0021282,0.0021209,0.0020932,0.0020898,0.0020723,0.0020396,0.0020163,0.0019893,0.0019752,0.0019361,0.0019304,0.0018734,0.0018665,0.0018418,0.0018287,0.0018172,0.0017856,0.0017669,0.0017615,0.0017597,0.0017592,0.0017402,0.0016867,0.0016823,0.0016812,0.0016519,0.0016423,0.00164,0.001598,0.0015576,0.0015112,0.0014847,0.0014635,0.0014555,0.0014435,0.001439,0.0014375,0.0014274,0.0013695,0.0013424,0.001335,0.0013016,0.0012979,0.0012929,0.0012821,0.0012467,0.0012441,0.001204,0.001174,0.0011444,0.0011292,0.001121,0.0010487,0.0010225,0.0010073,0.00099261,0.00098942,0.00094138,0.00093103,0.00093076,0.00090572,0.00090437,0.00089253,0.00089184,0.00086936,0.00086766,0.00084853,0.00083072,0.00080736,0.00072106,0.00069752,0.00069574,0.00069067,0.00066999,0.00066729,0.00066436,0.00064336,0.0006164,0.00061636,0.00058835,0.00058569,0.00055325,0.00054871,0.00054179,0.00050798,0.00049092,0.00046501,0.00046407,0.00044736,0.00044458,0.00043441,0.00041279,0.00041052,0.00039038,0.00037371,0.00036472,0.00033673
1.9055,0.0041405,0.00408,0.0040788,0.0040648,0.0040116,0.0040051,0.0039717,0.0039089,0.0038642,0.0038126,0.0037855,0.0037106,0.0036996,0.0035904,0.0035772,0.0035299,0.0035048,0.0034827,0.0034221,0.0033863,0.003376,0.0033726,0.0033715,0.0033352,0.0032327,0.0032242,0.003222,0.0031659,0.0031475,0.0031432,0.0030626,0.0029853,0.0028963,0.0028456,0.0028048,0.0027895,0.0027666,0.0027578,0.0027551,0.0027356,0.0026247,0.0025728,0.0025585,0.0024946,0.0024874,0.0024779,0.0024571,0.0023893,0.0023843,0.0023075,0.00225,0.0021933,0.0021641,0.0021484,0.00201,0.0019596,0.0019305,0.0019024,0.0018963,0.0018042,0.0017844,0.0017838,0.0017358,0.0017333,0.0017106,0.0017092,0.0016662,0.0016629,0.0016262,0.0015921,0.0015473,0.0013819,0.0013368,0.0013334,0.0013237,0.0012841,0.0012789,0.0012733,0.001233,0.0011814,0.0011813,0.0011276,0.0011225,0.0010603,0.0010516,0.0010384,0.00097355,0.00094086,0.00089121,0.00088941,0.00085738,0.00085206,0.00083256,0.00079113,0.00078677,0.00074817,0.00071623,0.00069901,0.00064536
2.1878,0.0074501,0.0073413,0.0073392,0.0073139,0.0072183,0.0072066,0.0071464,0.0070335,0.0069531,0.0068602,0.0068114,0.0066766,0.0066569,0.0064604,0.0064367,0.0063516,0.0063063,0.0062666,0.0061575,0.0060931,0.0060746,0.0060684,0.0060664,0.0060012,0.0058167,0.0058014,0.0057976,0.0056965,0.0056634,0.0056556,0.0055106,0.0053715,0.0052115,0.0051201,0.0050468,0.0050192,0.004978,0.0049622,0.0049574,0.0049222,0.0047227,0.0046293,0.0046036,0.0044887,0.0044757,0.0044586,0.0044212,0.0042991,0.0042902,0.0041519,0.0040485,0.0039465,0.0038939,0.0038657,0.0036166,0.003526,0.0034736,0.003423,0.003412,0.0032463,0.0032107,0.0032097,0.0031234,0.0031187,0.0030779,0.0030755,0.002998,0.0029921,0.0029262,0.0028647,0.0027842,0.0024866,0.0024054,0.0023993,0.0023818,0.0023105,0.0023012,0.002291,0.0022186,0.0021257,0.0021255,0.0020289,0.0020198,0.0019079,0.0018922,0.0018684,0.0017518,0.0016929,0.0016036,0.0016004,0.0015427,0.0015332,0.0014981,0.0014235,0.0014157,0.0013462,0.0012887,0.0012578,0.0011612
2.5119,0.012586,0.012402,0.012398,0.012356,0.012194,0.012174,0.012073,0.011882,0.011746,0.011589,0.011507,0.011279,0.011246,0.010914,0.010874,0.01073,0.010653,0.010586,0.010402,0.010293,0.010262,0.010251,0.010248,0.010138,0.0098262,0.0098004,0.0097939,0.0096233,0.0095673,0.0095541,0.0093092,0.0090742,0.0088039,0.0086495,0.0085256,0.008479,0.0084094,0.0083828,0.0083746,0.0083152,0.0079781,0.0078204,0.007777,0.0075828,0.0075609,0.007532,0.0074688,0.0072625,0.0072476,0.007014,0.0068392,0.0066669,0.006578,0.0065303,0.0061096,0.0059566,0.005868,0.0057826,0.005764,0.0054841,0.0054238,0.0054223,0.0052764,0.0052685,0.0051996,0.0051956,0.0050646,0.0050547,0.0049432,0.0048395,0.0047034,0.0042006,0.0040635,0.0040532,0.0040236,0.0039031,0.0038874,0.0038703,0.003748,0.0035909,0.0035907,0.0034275,0.003412,0.0032231,0.0031966,0.0031563,0.0029593,0.0028599,0.002709,0.0027035,0.0026062,0.00259,0.0025307,0.0024048,0.0023916,0.0022742,0.0021771,0.0021248,0.0019617
2.884,0.019961,0.01967,0.019664,0.019596,0.01934,0.019309,0.019147,0.018845,0.018629,0.01838,0.01825,0.017888,0.017836,0.017309,0.017246,0.017018,0.016896,0.01679,0.016498,0.016325,0.016276,0.016259,0.016254,0.016079,0.015585,0.015544,0.015533,0.015263,0.015174,0.015153,0.014765,0.014392,0.013963,0.013718,0.013522,0.013448,0.013337,0.013295,0.013282,0.013188,0.012653,0.012403,0.012334,0.012026,0.011992,0.011946,0.011846,0.011519,0.011495,0.011124,0.010847,0.010574,0.010433,0.010357,0.00969,0.0094473,0.0093069,0.0091713,0.0091419,0.008698,0.0086024,0.0085998,0.0083685,0.008356,0.0082467,0.0082403,0.0080326,0.0080169,0.0078401,0.0076755,0.0074597,0.0066623,0.0064449,0.0064284,0.0063815,0.0061904,0.0061655,0.0061384,0.0059444,0.0056953,0.0056949,0.0054362,0.0054116,0.0051119,0.0050699,0.005006,0.0046936,0.0045359,0.0042966,0.0042879,0.0041335,0.0041078,0.0040138,0.0038141,0.0037931,0.003607,0.003453,0.00337,0.0031114
3.3113,0.029723,0.029289,0.02928,0.029179,0.028798,0.028751,0.028511,0.028061,0.02774,0.027369,0.027174,0.026637,0.026558,0.025774,0.025679,0.02534,0.025159,0.025001,0.024566,0.024309,0.024235,0.02421,0.024203,0.023942,0.023206,0.023145,0.02313,0.022727,0.022595,0.022563,0.021985,0.02143,0.020792,0.020427,0.020135,0.020024,0.01986,0.019797,0.019778,0.019638,0.018842,0.018469,0.018367,0.017908,0.017856,0.017788,0.017639,0.017152,0.017116,0.016565,0.016152,0.015745,0.015535,0.015422,0.014429,0.014067,0.013858,0.013656,0.013613,0.012952,0.012809,0.012806,0.012461,0.012442,0.01228,0.01227,0.011961,0.011937,0.011674,0.011429,0.011108,0.0099206,0.0095968,0.0095723,0.0095024,0.0092179,0.0091808,0.0091404,0.0088515,0.0084807,0.0084801,0.0080948,0.0080582,0.0076119,0.0075494,0.0074542,0.006989,0.0067543,0.0063979,0.0063849,0.006155,0.0061168,0.0059769,0.0056794,0.0056482,0.0053711,0.0051418,0.0050182,0.0046331
3.8019,0.041552,0.040945,0.040934,0.040792,0.040259,0.040194,0.039858,0.039228,0.03878,0.038262,0.03799,0.037238,0.037128,0.036032,0.0359,0.035425,0.035173,0.034951,0.034343,0.033984,0.033881,0.033846,0.033835,0.033471,0.032442,0.032357,0.032335,0.031772,0.031587,0.031544,0.030735,0.029959,0.029067,0.028557,0.028148,0.027994,0.027764,0.027676,0.027649,0.027453,0.02634,0.02582,0.025676,0.025035,0.024963,0.024868,0.024659,0.023978,0.023929,0.023157,0.02258,0.022011,0.021718,0.021561,0.020172,0.019666,0.019374,0.019092,0.019031,0.018106,0.017907,0.017902,0.017421,0.017395,0.017167,0.017154,0.016721,0.016689,0.016321,0.015978,0.015529,0.013869,0.013416,0.013382,0.013284,0.012887,0.012835,0.012778,0.012375,0.011856,0.011855,0.011317,0.011265,0.010642,0.010554,0.010421,0.0097707,0.0094426,0.0089444,0.0089263,0.0086049,0.0085515,0.0083558,0.00794,0.0078963,0.0075089,0.0071884,0.0070156,0.0064772
4.3652,0.054537,0.053741,0.053726,0.05354,0.05284,0.052755,0.052314,0.051488,0.050899,0.050219,0.049862,0.048875,0.048731,0.047292,0.047119,0.046496,0.046164,0.045874,0.045075,0.044604,0.044469,0.044423,0.044409,0.043931,0.04258,0.042468,0.04244,0.041701,0.041458,0.041401,0.04034,0.039322,0.03815,0.037482,0.036945,0.036743,0.036441,0.036326,0.03629,0.036033,0.034572,0.033889,0.033701,0.032859,0.032764,0.032639,0.032365,0.031471,0.031407,0.030394,0.029637,0.02889,0.028505,0.028299,0.026476,0.025812,0.025429,0.025058,0.024978,0.023765,0.023504,0.023497,0.022865,0.022831,0.022532,0.022515,0.021947,0.021904,0.021421,0.020972,0.020382,0.018204,0.017609,0.017565,0.017436,0.016914,0.016846,0.016772,0.016242,0.015562,0.01556,0.014854,0.014786,0.013968,0.013853,0.013678,0.012825,0.012394,0.01174,0.011716,0.011294,0.011224,0.010968,0.010422,0.010364,0.009856,0.0094352,0.0092085,0.0085019
5.0119,0.067204,0.066222,0.066203,0.065975,0.065113,0.065007,0.064464,0.063446,0.06272,0.061882,0.061442,0.060226,0.060049,0.058276,0.058062,0.057295,0.056886,0.056528,0.055544,0.054964,0.054797,0.05474,0.054723,0.054134,0.05247,0.052332,0.052297,0.051386,0.051087,0.051017,0.049709,0.048454,0.047011,0.046187,0.045525,0.045276,0.044905,0.044763,0.044719,0.044402,0.042602,0.04176,0.041528,0.040491,0.040374,0.04022,0.039883,0.038781,0.038701,0.037454,0.036521,0.035601,0.035126,0.034872,0.032625,0.031808,0.031335,0.030879,0.03078,0.029285,0.028963,0.028955,0.028176,0.028134,0.027766,0.027744,0.027045,0.026992,0.026397,0.025843,0.025117,0.022432,0.0217,0.021645,0.021487,0.020843,0.02076,0.020668,0.020015,0.019177,0.019175,0.018304,0.018221,0.017212,0.017071,0.016856,0.015804,0.015273,0.014468,0.014438,0.013918,0.013832,0.013516,0.012843,0.012773,0.012146,0.011628,0.011348,0.010477
5.7544,0.077748,0.076613,0.076591,0.076327,0.075329,0.075207,0.074579,0.073401,0.072561,0.071592,0.071083,0.069676,0.069471,0.06742,0.067173,0.066285,0.065812,0.065398,0.06426,0.063588,0.063395,0.06333,0.063309,0.062628,0.060703,0.060544,0.060503,0.059449,0.059104,0.059022,0.057509,0.056058,0.054388,0.053435,0.052669,0.052381,0.051951,0.051787,0.051736,0.051369,0.049287,0.048313,0.048045,0.046845,0.04671,0.046532,0.046141,0.044867,0.044775,0.043332,0.042252,0.041188,0.040639,0.040344,0.037745,0.0368,0.036253,0.035725,0.035611,0.033882,0.033509,0.033499,0.032599,0.03255,0.032124,0.032099,0.03129,0.031229,0.03054,0.029899,0.029059,0.025953,0.025107,0.025042,0.02486,0.024116,0.024019,0.023913,0.023157,0.022187,0.022186,0.021178,0.021082,0.019915,0.019752,0.019502,0.018286,0.017672,0.016739,0.016706,0.016104,0.016004,0.015638,0.01486,0.014779,0.014054,0.013454,0.013131,0.012123
6.6069,0.084447,0.083214,0.083191,0.082904,0.08182,0.081687,0.081006,0.079725,0.078814,0.077761,0.077208,0.07568,0.075457,0.07323,0.072961,0.071997,0.071484,0.071033,0.069797,0.069068,0.068858,0.068787,0.068765,0.068026,0.065935,0.065761,0.065718,0.064573,0.064197,0.064109,0.062466,0.060889,0.059076,0.05804,0.057209,0.056896,0.056429,0.056251,0.056196,0.055797,0.053536,0.052478,0.052186,0.050883,0.050736,0.050543,0.050119,0.048735,0.048635,0.047067,0.045895,0.044739,0.044142,0.043823,0.041,0.039973,0.039379,0.038806,0.038681,0.036804,0.036399,0.036389,0.03541,0.035357,0.034895,0.034868,0.033989,0.033922,0.033175,0.032479,0.031566,0.028193,0.027273,0.027203,0.027005,0.026197,0.026091,0.025977,0.025156,0.024102,0.024101,0.023006,0.022902,0.021634,0.021457,0.021186,0.019865,0.019198,0.018185,0.018149,0.017495,0.017387,0.016989,0.016144,0.016056,0.015268,0.014617,0.014266,0.013172
7.5858,0.086115,0.084858,0.084834,0.084541,0.083437,0.083301,0.082606,0.081301,0.080371,0.079298,0.078734,0.077176,0.076949,0.074678,0.074404,0.07342,0.072897,0.072438,0.071178,0.070434,0.07022,0.070148,0.070125,0.069371,0.067239,0.067062,0.067018,0.065851,0.065468,0.065378,0.063702,0.062094,0.060245,0.059189,0.058342,0.058023,0.057547,0.057365,0.057309,0.056902,0.054596,0.053518,0.05322,0.051892,0.051742,0.051545,0.051113,0.049701,0.049599,0.048001,0.046805,0.045626,0.045019,0.044692,0.041814,0.040767,0.040162,0.039577,0.03945,0.037535,0.037123,0.037112,0.036115,0.036061,0.035589,0.035561,0.034666,0.034598,0.033835,0.033125,0.032195,0.028755,0.027817,0.027747,0.027544,0.02672,0.026613,0.026496,0.025659,0.024585,0.024583,0.023467,0.023361,0.022068,0.021887,0.021611,0.020264,0.019584,0.018551,0.018514,0.017848,0.017737,0.017332,0.01647,0.01638,0.015577,0.014913,0.014555,0.013439
8.7096,0.082448,0.081244,0.081221,0.080941,0.079884,0.079754,0.079089,0.077839,0.076949,0.075922,0.075382,0.073891,0.073673,0.0715,0.071237,0.070296,0.069795,0.069355,0.068149,0.067437,0.067232,0.067163,0.067142,0.06642,0.064379,0.06421,0.064167,0.06305,0.062683,0.062597,0.060993,0.059454,0.057684,0.056674,0.055862,0.055557,0.055101,0.054927,0.054873,0.054484,0.052277,0.051244,0.05096,0.049688,0.049545,0.049356,0.048942,0.047591,0.047493,0.045963,0.044819,0.043691,0.043109,0.042797,0.040042,0.039039,0.03846,0.0379,0.037779,0.035946,0.035551,0.035541,0.034586,0.034534,0.034082,0.034056,0.033198,0.033134,0.032404,0.031724,0.030833,0.027541,0.026643,0.026575,0.026382,0.025593,0.02549,0.025378,0.024577,0.023549,0.023547,0.022479,0.022377,0.02114,0.020967,0.020703,0.019413,0.018762,0.017773,0.017738,0.0171,0.016994,0.016606,0.015782,0.015695,0.014926,0.014291,0.013948,0.01288
10,0.074112,0.07303,0.07301,0.072758,0.071808,0.071691,0.071093,0.069971,0.069171,0.068248,0.067763,0.066423,0.066227,0.064274,0.064038,0.063192,0.062742,0.062347,0.061263,0.060624,0.06044,0.060377,0.060358,0.05971,0.057876,0.057724,0.057685,0.056681,0.056352,0.056275,0.054833,0.05345,0.05186,0.050952,0.050223,0.049949,0.049539,0.049383,0.049334,0.048985,0.047001,0.046074,0.045818,0.044675,0.044546,0.044376,0.044005,0.042791,0.042703,0.041328,0.0403,0.039286,0.038763,0.038483,0.036007,0.035107,0.034586,0.034083,0.033974,0.032327,0.031972,0.031963,0.031105,0.031058,0.030653,0.030629,0.029858,0.0298,0.029144,0.028534,0.027733,0.024775,0.023968,0.023907,0.023733,0.023024,0.022932,0.022831,0.022111,0.021187,0.021186,0.020226,0.020135,0.019023,0.018867,0.01863,0.017471,0.016886,0.015998,0.015966,0.015393,0.015298,0.014949,0.014208,0.01413,0.01344,0.012869,0.012561,0.011601
11.482,0.062548,0.061636,0.061619,0.061406,0.060605,0.060507,0.060003,0.059056,0.058382,0.057603,0.057194,0.056064,0.055899,0.054252,0.054053,0.05334,0.05296,0.052627,0.051713,0.051173,0.051018,0.050966,0.05095,0.050403,0.048856,0.048728,0.048696,0.047849,0.047571,0.047506,0.04629,0.045124,0.043783,0.043017,0.042402,0.042171,0.041825,0.041693,0.041653,0.041358,0.039685,0.038903,0.038687,0.037724,0.037615,0.037472,0.037158,0.036135,0.03606,0.034901,0.034034,0.033179,0.032738,0.032501,0.030414,0.029654,0.029215,0.028791,0.028699,0.02731,0.027011,0.027003,0.026279,0.02624,0.025898,0.025878,0.025228,0.025179,0.024626,0.024111,0.023436,0.020941,0.020261,0.020209,0.020063,0.019465,0.019387,0.019302,0.018695,0.017916,0.017915,0.017105,0.017028,0.01609,0.015959,0.015759,0.014782,0.014288,0.01354,0.013512,0.013029,0.012949,0.012655,0.01203,0.011964,0.011382,0.0109,0.010641,0.0098314
13.183,0.049567,0.048846,0.048832,0.048664,0.04803,0.047952,0.047553,0.046804,0.046271,0.045655,0.045331,0.044437,0.044306,0.043003,0.042846,0.042282,0.041981,0.041718,0.040994,0.040568,0.040445,0.040403,0.040391,0.039958,0.038734,0.038633,0.038607,0.037937,0.037718,0.037666,0.036704,0.035782,0.034721,0.034115,0.033628,0.033445,0.033172,0.033068,0.033035,0.032802,0.031479,0.03086,0.030689,0.029927,0.029841,0.029727,0.02948,0.02867,0.028611,0.027694,0.027008,0.026331,0.025982,0.025795,0.024143,0.023543,0.023195,0.022859,0.022787,0.021688,0.021451,0.021445,0.020872,0.020841,0.020571,0.020555,0.020041,0.020002,0.019564,0.019157,0.018623,0.016649,0.016111,0.01607,0.015954,0.015481,0.015419,0.015352,0.014872,0.014255,0.014254,0.013614,0.013553,0.012811,0.012707,0.012549,0.011776,0.011386,0.010793,0.010772,0.010389,0.010326,0.010093,0.0095988,0.0095469,0.0090862,0.008705,0.0084995,0.0078594
15.136,0.036888,0.036353,0.036343,0.036219,0.035749,0.035691,0.035395,0.03484,0.034444,0.033987,0.033747,0.033084,0.032988,0.032021,0.031905,0.031486,0.031264,0.031068,0.030532,0.030215,0.030124,0.030094,0.030084,0.029763,0.028856,0.028781,0.028762,0.028265,0.028102,0.028064,0.027351,0.026667,0.02588,0.02543,0.02507,0.024934,0.024731,0.024654,0.02463,0.024457,0.023476,0.023017,0.02289,0.022325,0.022261,0.022177,0.021993,0.021393,0.021349,0.020669,0.020161,0.019659,0.0194,0.019261,0.018037,0.017591,0.017333,0.017085,0.017031,0.016216,0.01604,0.016036,0.015611,0.015588,0.015388,0.015376,0.014995,0.014966,0.014641,0.014339,0.013943,0.01248,0.012081,0.01205,0.011964,0.011614,0.011568,0.011518,0.011162,0.010705,0.010704,0.010229,0.010184,0.009634,0.0095569,0.0094395,0.0088661,0.0085768,0.0081375,0.0081215,0.0078381,0.0077911,0.0076185,0.0072519,0.0072134,0.0068718,0.0065891,0.0064368,0.0059621
17.378,0.025791,0.02542,0.025413,0.025327,0.025001,0.024961,0.024756,0.024371,0.024097,0.02378,0.023614,0.023154,0.023087,0.022417,0.022336,0.022046,0.021892,0.021756,0.021385,0.021165,0.021102,0.021081,0.021074,0.020852,0.020223,0.020171,0.020157,0.019813,0.0197,0.019674,0.019179,0.018705,0.01816,0.017848,0.017598,0.017504,0.017363,0.01731,0.017293,0.017173,0.016493,0.016175,0.016087,0.015695,0.015651,0.015593,0.015465,0.015049,0.015019,0.014547,0.014195,0.013847,0.013667,0.013571,0.012722,0.012413,0.012235,0.012062,0.012025,0.01146,0.011338,0.011335,0.011041,0.011025,0.010886,0.010878,0.010613,0.010593,0.010368,0.010159,0.0098843,0.0088697,0.008593,0.0085721,0.0085124,0.0082693,0.0082376,0.0082031,0.0079562,0.0076393,0.0076388,0.0073095,0.0072783,0.0068969,0.0068435,0.0067622,0.0063646,0.0061641,0.0058595,0.0058484,0.0056519,0.0056193,0.0054997,0.0052456,0.0052188,0.004982,0.0047861,0.0046805,0.0043514
19.953,0.016958,0.016719,0.016715,0.016659,0.016449,0.016423,0.016291,0.016043,0.015867,0.015663,0.015556,0.01526,0.015216,0.014785,0.014733,0.014546,0.014447,0.014359,0.01412,0.013979,0.013938,0.013924,0.01392,0.013777,0.013372,0.013338,0.01333,0.013108,0.013035,0.013018,0.0127,0.012394,0.012043,0.011842,0.011681,0.011621,0.01153,0.011496,0.011485,0.011408,0.01097,0.010765,0.010708,0.010456,0.010427,0.01039,0.010308,0.01004,0.01002,0.0097166,0.0094894,0.0092654,0.00915,0.009088,0.0085412,0.0083423,0.0082272,0.0081161,0.008092,0.0077282,0.0076499,0.0076478,0.0074583,0.007448,0.0073584,0.0073532,0.007183,0.0071701,0.0070252,0.0068904,0.0067135,0.0060601,0.0058819,0.0058684,0.00583,0.0056734,0.005653,0.0056308,0.0054717,0.0052677,0.0052673,0.0050553,0.0050352,0.0047895,0.0047552,0.0047027,0.0044467,0.0043176,0.0041214,0.0041143,0.0039877,0.0039667,0.0038897,0.003726,0.0037088,0.0035563,0.0034301,0.0033621,0.0031502
22.909,0.010513,0.010373,0.01037,0.010337,0.010214,0.010199,0.010121,0.0099754,0.0098716,0.0097518,0.0096888,0.0095149,0.0094895,0.009236,0.0092054,0.0090956,0.0090372,0.008986,0.0088453,0.0087622,0.0087383,0.0087303,0.0087278,0.0086436,0.0084056,0.0083858,0.0083809,0.0082506,0.0082078,0.0081977,0.0080107,0.0078312,0.0076248,0.0075069,0.0074123,0.0073767,0.0073235,0.0073032,0.0072969,0.0072516,0.0069942,0.0068737,0.0068405,0.0066922,0.0066755,0.0066535,0.0066052,0.0064477,0.0064363,0.0062578,0.0061244,0.0059928,0.0059249,0.0058885,0.0055672,0.0054503,0.0053827,0.0053174,0.0053033,0.0050895,0.0050435,0.0050422,0.0049309,0.0049248,0.0048722,0.0048691,0.0047691,0.0047615,0.0046764,0.0045972,0.0044933,0.0041093,0.0040046,0.0039967,0.0039741,0.0038821,0.0038701,0.003857,0.0037636,0.0036437,0.0036435,0.0035189,0.0035071,0.0033627,0.0033425,0.0033117,0.0031613,0.0030854,0.0029701,0.002966,0.0028916,0.0028793,0.002834,0.0027378,0.0027277,0.0026381,0.0025639,0.002524,0.0023994
26.303,0.0061882,0.0061172,0.0061159,0.0060993,0.0060369,0.0060293,0.0059901,0.0059164,0.0058639,0.0058033,0.0057714,0.0056835,0.0056706,0.0055424,0.0055269,0.0054714,0.0054419,0.0054159,0.0053448,0.0053028,0.0052907,0.0052866,0.0052853,0.0052428,0.0051224,0.0051124,0.0051099,0.005044,0.0050224,0.0050173,0.0049227,0.0048319,0.0047275,0.0046679,0.00462,0.004602,0.0045751,0.0045648,0.0045617,0.0045387,0.0044085,0.0043476,0.0043308,0.0042558,0.0042474,0.0042362,0.0042118,0.0041321,0.0041264,0.0040361,0.0039686,0.0039021,0.0038677,0.0038493,0.0036868,0.0036277,0.0035935,0.0035605,0.0035533,0.0034452,0.0034219,0.0034213,0.003365,0.0033619,0.0033353,0.0033338,0.0032832,0.0032793,0.0032363,0.0031962,0.0031437,0.0029495,0.0028965,0.0028925,0.0028811,0.0028345,0.0028285,0.0028219,0.0027746,0.002714,0.0027139,0.0026509,0.0026449,0.0025719,0.0025617,0.0025461,0.00247,0.0024316,0.0023733,0.0023712,0.0023336,0.0023273,0.0023045,0.0022558,0.0022507,0.0022054,0.0021679,0.0021477,0.0020847
30.2,0.0035248,0.0035013,0.0035008,0.0034954,0.0034747,0.0034722,0.0034592,0.0034348,0.0034175,0.0033974,0.0033869,0.0033578,0.0033535,0.0033111,0.003306,0.0032876,0.0032779,0.0032693,0.0032458,0.0032319,0.0032279,0.0032265,0.0032261,0.003212,0.0031722,0.0031689,0.0031681,0.0031463,0.0031391,0.0031374,0.0031061,0.0030761,0.0030416,0.0030218,0.003006,0.003,0.0029912,0.0029878,0.0029867,0.0029791,0.002936,0.0029159,0.0029103,0.0028855,0.0028827,0.002879,0.002871,0.0028446,0.0028427,0.0028129,0.0027905,0.0027685,0.0027572,0.0027511,0.0026973,0.0026777,0.0026664,0.0026555,0.0026531,0.0026174,0.0026097,0.0026095,0.0025908,0.0025898,0.002581,0.0025805,0.0025638,0.0025625,0.0025483,0.002535,0.0025176,0.0024534,0.0024359,0.0024345,0.0024308,0.0024154,0.0024134,0.0024112,0.0023955,0.0023755,0.0023754,0.0023546,0.0023526,0.0023285,0.0023251,0.0023199,0.0022948,0.0022821,0.0022628,0.0022621,0.0022497,0.0022476,0.00224,0.0022239,0.0022222,0.0022072,0.0021948,0.0021881,0.0021673
34.674,0.0020386,0.0020485,0.0020486,0.0020509,0.0020596,0.0020607,0.0020662,0.0020764,0.0020838,0.0020922,0.0020966,0.0021089,0.0021107,0.0021286,0.0021307,0.0021385,0.0021426,0.0021462,0.0021561,0.002162,0.0021636,0.0021642,0.0021644,0.0021703,0.0021871,0.0021885,0.0021888,0.002198,0.002201,0.0022017,0.0022149,0.0022276,0.0022421,0.0022504,0.0022571,0.0022596,0.0022634,0.0022648,0.0022652,0.0022684,0.0022866,0.0022951,0.0022974,0.0023079,0.002309,0.0023106,0.002314,0.0023251,0.0023259,0.0023385,0.0023479,0.0023572,0.0023619,0.0023645,0.0023872,0.0023954,0.0024002,0.0024048,0.0024058,0.0024208,0.0024241,0.0024242,0.002432,0.0024324,0.0024361,0.0024364,0.0024434,0.0024439,0.0024499,0.0024555,0.0024629,0.0024899,0.0024973,0.0024979,0.0024994,0.0025059,0.0025068,0.0025077,0.0025143,0.0025227,0.0025227,0.0025315,0.0025324,0.0025425,0.002544,0.0025461,0.0025567,0.0025621,0.0025702,0.0025705,0.0025757,0.0025766,0.0025798,0.0025866,0.0025873,0.0025936,0.0025988,0.0026017,0.0026104
39.811,0.001321,0.0013568,0.0013575,0.0013659,0.0013974,0.0014012,0.0014211,0.0014583,0.0014848,0.0015154,0.0015315,0.0015759,0.0015824,0.0016471,0.001655,0.001683,0.0016979,0.001711,0.001747,0.0017682,0.0017743,0.0017763,0.001777,0.0017985,0.0018593,0.0018643,0.0018656,0.0018988,0.0019098,0.0019123,0.0019601,0.002006,0.0020587,0.0020888,0.002113,0.0021221,0.0021356,0.0021408,0.0021424,0.002154,0.0022198,0.0022505,0.002259,0.0022969,0.0023012,0.0023068,0.0023191,0.0023593,0.0023623,0.0024078,0.0024419,0.0024755,0.0024929,0.0025022,0.0025842,0.0026141,0.0026314,0.002648,0.0026517,0.0027062,0.002718,0.0027183,0.0027468,0.0027483,0.0027618,0.0027625,0.0027881,0.00279,0.0028118,0.002832,0.0028585,0.0029566,0.0029834,0.0029854,0.0029911,0.0030146,0.0030177,0.003021,0.0030449,0.0030755,0.0030756,0.0031074,0.0031104,0.0031473,0.0031525,0.0031603,0.0031988,0.0032181,0.0032476,0.0032486,0.0032676,0.0032708,0.0032824,0.0033069,0.0033095,0.0033324,0.0033513,0.0033615,0.0033933
45.709,0.0010758,0.0011353,0.0011364,0.0011503,0.0012026,0.001209,0.0012419,0.0013037,0.0013477,0.0013985,0.0014251,0.0014989,0.0015096,0.0016171,0.0016301,0.0016766,0.0017014,0.0017231,0.0017828,0.001818,0.0018281,0.0018315,0.0018326,0.0018682,0.0019692,0.0019775,0.0019796,0.0020349,0.002053,0.0020573,0.0021365,0.0022126,0.0023001,0.0023501,0.0023902,0.0024053,0.0024279,0.0024365,0.0024391,0.0024583,0.0025675,0.0026185,0.0026326,0.0026955,0.0027026,0.0027119,0.0027324,0.0027991,0.002804,0.0028796,0.0029362,0.002992,0.0030208,0.0030362,0.0031724,0.003222,0.0032506,0.0032783,0.0032843,0.0033749,0.0033944,0.0033949,0.0034422,0.0034447,0.003467,0.0034683,0.0035107,0.0035139,0.00355,0.0035836,0.0036277,0.0037904,0.0038348,0.0038382,0.0038478,0.0038868,0.0038918,0.0038974,0.003937,0.0039878,0.0039879,0.0040407,0.0040457,0.0041069,0.0041155,0.0041285,0.0041923,0.0042245,0.0042734,0.0042751,0.0043067,0.0043119,0.0043311,0.0043718,0.0043761,0.0044141,0.0044456,0.0044625,0.0045153
52.481,0.001113,0.0011974,0.0011991,0.0012187,0.0012929,0.001302,0.0013486,0.0014362,0.0014986,0.0015707,0.0016085,0.0017131,0.0017284,0.0018808,0.0018992,0.0019652,0.0020003,0.0020311,0.0021158,0.0021657,0.00218,0.0021849,0.0021864,0.002237,0.0023801,0.002392,0.002395,0.0024733,0.002499,0.0025051,0.0026175,0.0027255,0.0028496,0.0029205,0.0029773,0.0029988,0.0030307,0.0030429,0.0030467,0.003074,0.0032288,0.0033012,0.0033211,0.0034103,0.0034204,0.0034336,0.0034626,0.0035573,0.0035642,0.0036715,0.0037517,0.0038309,0.0038717,0.0038936,0.0040868,0.004157,0.0041977,0.0042369,0.0042454,0.004374,0.0044016,0.0044024,0.0044694,0.004473,0.0045046,0.0045065,0.0045666,0.0045712,0.0046223,0.00467,0.0047325,0.0049633,0.0050263,0.0050311,0.0050446,0.0051,0.0051072,0.005115,0.0051712,0.0052433,0.0052434,0.0053183,0.0053254,0.0054122,0.0054244,0.0054429,0.0055333,0.005579,0.0056483,0.0056508,0.0056955,0.0057029,0.0057301,0.005788,0.005794,0.0058479,0.0058925,0.0059165,0.0059914
60.256,0.0013236,0.0014364,0.0014385,0.0014648,0.0015639,0.0015761,0.0016385,0.0017556,0.001839,0.0019353,0.0019859,0.0021257,0.0021461,0.0023498,0.0023745,0.0024627,0.0025096,0.0025508,0.0026639,0.0027306,0.0027498,0.0027563,0.0027583,0.002826,0.0030173,0.0030332,0.0030371,0.0031419,0.0031763,0.0031843,0.0033347,0.0034789,0.0036448,0.0037396,0.0038156,0.0038442,0.003887,0.0039033,0.0039083,0.0039448,0.0041517,0.0042485,0.0042752,0.0043944,0.0044078,0.0044255,0.0044643,0.0045909,0.0046001,0.0047435,0.0048508,0.0049565,0.0050111,0.0050403,0.0052986,0.0053925,0.0054469,0.0054993,0.0055107,0.0056825,0.0057195,0.0057205,0.00581,0.0058149,0.0058572,0.0058597,0.00594,0.0059461,0.0060145,0.0060782,0.0061617,0.0064703,0.0065545,0.0065609,0.006579,0.006653,0.0066626,0.0066731,0.0067482,0.0068446,0.0068447,0.0069449,0.0069544,0.0070704,0.0070866,0.0071114,0.0072323,0.0072933,0.0073859,0.0073893,0.007449,0.007459,0.0074953,0.0075726,0.0075808,0.0076528,0.0077124,0.0077445,0.0078446
69.183,0.0016504,0.0017965,0.0017993,0.0018333,0.0019617,0.0019774,0.0020582,0.0022099,0.0023179,0.0024426,0.0025082,0.0026892,0.0027156,0.0029795,0.0030114,0.0031256,0.0031864,0.0032398,0.0033863,0.0034727,0.0034976,0.0035059,0.0035086,0.0035962,0.003844,0.0038645,0.0038697,0.0040053,0.0040498,0.0040603,0.004255,0.0044418,0.0046567,0.0047794,0.0048779,0.004915,0.0049703,0.0049914,0.004998,0.0050452,0.0053131,0.0054385,0.005473,0.0056274,0.0056448,0.0056678,0.005718,0.005882,0.0058939,0.0060796,0.0062185,0.0063555,0.0064262,0.0064641,0.0067985,0.0069202,0.0069906,0.0070585,0.0070732,0.0072958,0.0073437,0.0073449,0.0074609,0.0074671,0.007522,0.0075251,0.0076293,0.0076371,0.0077257,0.0078082,0.0079164,0.0083161,0.0084251,0.0084333,0.0084568,0.0085526,0.0085651,0.0085787,0.0086759,0.0088007,0.008801,0.0089306,0.008943,0.0090932,0.0091142,0.0091463,0.0093029,0.0093819,0.0095019,0.0095062,0.0095836,0.0095965,0.0096436,0.0097437,0.0097542,0.0098475,0.0099247,0.0099663,0.010096
79.433,0.0020654,0.0022503,0.0022539,0.0022969,0.0024594,0.0024793,0.0025816,0.0027736,0.0029103,0.0030682,0.0031511,0.0033803,0.0034137,0.0037477,0.0037881,0.0039327,0.0040097,0.0040772,0.0042626,0.004372,0.0044035,0.0044141,0.0044174,0.0045283,0.0048419,0.0048679,0.0048744,0.0050461,0.0051025,0.0051157,0.0053622,0.0055986,0.0058706,0.0060259,0.0061506,0.0061975,0.0062675,0.0062943,0.0063026,0.0063623,0.0067015,0.0068602,0.0069039,0.0070993,0.0071213,0.0071504,0.0072139,0.0074215,0.0074365,0.0076716,0.0078475,0.0080209,0.0081103,0.0081582,0.0085816,0.0087356,0.0088247,0.0089107,0.0089293,0.009211,0.0092716,0.0092732,0.00942,0.0094279,0.0094973,0.0095013,0.0096331,0.0096431,0.0097552,0.0098596,0.0099965,0.010502,0.01064,0.010651,0.010681,0.010802,0.010818,0.010835,0.010958,0.011116,0.011116,0.01128,0.011296,0.011486,0.011513,0.011553,0.011751,0.011851,0.012003,0.012009,0.012107,0.012123,0.012183,0.012309,0.012323,0.012441,0.012538,0.012591,0.012755
91.201,0.0025537,0.0027831,0.0027875,0.0028409,0.0030424,0.0030671,0.003194,0.0034321,0.0036017,0.0037975,0.0039004,0.0041847,0.0042262,0.0046404,0.0046905,0.0048699,0.0049653,0.0050491,0.0052791,0.0054148,0.0054538,0.005467,0.005471,0.0056086,0.0059976,0.0060299,0.006038,0.0062509,0.0063208,0.0063372,0.0066429,0.0069363,0.0072736,0.0074662,0.0076209,0.0076791,0.007766,0.0077992,0.0078094,0.0078835,0.0083042,0.008501,0.0085553,0.0087977,0.008825,0.008861,0.0089398,0.0091973,0.009216,0.0095076,0.0097257,0.0099408,0.010052,0.010111,0.010636,0.010827,0.010938,0.011044,0.011068,0.011417,0.011492,0.011494,0.011676,0.011686,0.011772,0.011777,0.011941,0.011953,0.012092,0.012222,0.012391,0.013019,0.01319,0.013203,0.01324,0.01339,0.01341,0.013431,0.013584,0.01378,0.01378,0.013984,0.014003,0.014239,0.014272,0.014322,0.014568,0.014692,0.01488,0.014887,0.015009,0.015029,0.015103,0.01526,0.015277,0.015423,0.015544,0.01561,0.015813
104.71,0.003104,0.003383,0.0033884,0.0034534,0.0036986,0.0037286,0.0038829,0.0041726,0.0043789,0.0046172,0.0047423,0.0050881,0.0051386,0.0056426,0.0057035,0.0059217,0.0060378,0.0061397,0.0064195,0.0065846,0.006632,0.0066481,0.006653,0.0068204,0.0072936,0.0073329,0.0073427,0.0076018,0.0076868,0.0077068,0.0080787,0.0084355,0.0088459,0.0090803,0.0092684,0.0093392,0.0094449,0.0094852,0.0094977,0.0095879,0.0101,0.010339,0.010405,0.0107,0.010733,0.010777,0.010873,0.011186,0.011209,0.011564,0.011829,0.012091,0.012225,0.012298,0.012937,0.013169,0.013303,0.013433,0.013461,0.013886,0.013978,0.01398,0.014202,0.014214,0.014318,0.014325,0.014523,0.014538,0.014708,0.014865,0.015072,0.015835,0.016043,0.016059,0.016104,0.016287,0.016311,0.016337,0.016522,0.016761,0.016761,0.017009,0.017032,0.017319,0.01736,0.017421,0.01772,0.017871,0.0181,0.018108,0.018256,0.018281,0.018371,0.018562,0.018582,0.01876,0.018907,0.018987,0.019235
120.23,0.0037036,0.0040366,0.004043,0.0041205,0.0044131,0.004449,0.0046331,0.0049789,0.0052251,0.0055094,0.0056588,0.0060715,0.0061317,0.0067332,0.0068059,0.0070663,0.0072049,0.0073265,0.0076604,0.0078574,0.007914,0.0079331,0.0079391,0.0081388,0.0087036,0.0087504,0.0087622,0.0090714,0.0091728,0.0091967,0.0096405,0.010066,0.010556,0.010836,0.01106,0.011145,0.011271,0.011319,0.011334,0.011442,0.012052,0.012338,0.012417,0.012769,0.012808,0.012861,0.012975,0.013349,0.013376,0.013799,0.014116,0.014428,0.014589,0.014676,0.015438,0.015715,0.015876,0.016031,0.016064,0.016572,0.016681,0.016684,0.016948,0.016962,0.017087,0.017094,0.017332,0.01735,0.017552,0.01774,0.017986,0.018897,0.019146,0.019164,0.019218,0.019436,0.019465,0.019496,0.019717,0.020002,0.020002,0.020298,0.020326,0.020669,0.020717,0.02079,0.021147,0.021327,0.0216,0.02161,0.021786,0.021816,0.021923,0.022151,0.022175,0.022388,0.022564,0.022659,0.022954
138.04,0.004336,0.004726,0.0047334,0.0048242,0.0051668,0.0052088,0.0054244,0.0058292,0.0061175,0.0064504,0.0066253,0.0071084,0.007179,0.0078832,0.0079683,0.0082732,0.0084355,0.0085779,0.0089688,0.0091995,0.0092658,0.0092882,0.0092951,0.009529,0.01019,0.010245,0.010259,0.010621,0.01074,0.010768,0.011287,0.011786,0.012359,0.012687,0.01295,0.013049,0.013196,0.013253,0.01327,0.013396,0.014111,0.014446,0.014538,0.01495,0.014996,0.015058,0.015192,0.015629,0.015661,0.016157,0.016527,0.016893,0.017082,0.017183,0.018075,0.0184,0.018588,0.018769,0.018809,0.019402,0.01953,0.019534,0.019843,0.01986,0.020006,0.020015,0.020292,0.020313,0.02055,0.02077,0.021059,0.022125,0.022416,0.022438,0.022501,0.022757,0.02279,0.022826,0.023086,0.023419,0.023419,0.023766,0.023798,0.024199,0.024255,0.024341,0.024759,0.02497,0.02529,0.025302,0.025508,0.025542,0.025668,0.025935,0.025963,0.026212,0.026418,0.026529,0.026875
158.49,0.0049807,0.0054286,0.0054372,0.0055415,0.005935,0.0059833,0.0062309,0.0066959,0.0070271,0.0074095,0.0076104,0.0081654,0.0082464,0.0090553,0.0091531,0.0095033,0.0096897,0.0098533,0.010302,0.010567,0.010643,0.010669,0.010677,0.010946,0.011705,0.011768,0.011784,0.0122,0.012337,0.012369,0.012965,0.013538,0.014197,0.014573,0.014875,0.014989,0.015158,0.015223,0.015243,0.015388,0.016209,0.016594,0.0167,0.017173,0.017226,0.017297,0.01745,0.017953,0.01799,0.018559,0.018985,0.019405,0.019621,0.019738,0.020763,0.021136,0.021352,0.02156,0.021605,0.022287,0.022434,0.022438,0.022793,0.022813,0.022981,0.022991,0.02331,0.023334,0.023605,0.023858,0.02419,0.025415,0.025749,0.025775,0.025847,0.02614,0.026179,0.02622,0.026518,0.026901,0.026902,0.027299,0.027337,0.027797,0.027862,0.02796,0.02844,0.028683,0.02905,0.029064,0.029301,0.02934,0.029485,0.029792,0.029824,0.03011,0.030347,0.030474,0.030871
181.97,0.0056131,0.0061179,0.0061276,0.0062451,0.0066886,0.006743,0.0070221,0.0075461,0.0079194,0.0083503,0.0085767,0.0092021,0.0092935,0.010205,0.010315,0.01071,0.01092,0.011104,0.01161,0.011909,0.011995,0.012024,0.012033,0.012336,0.013192,0.013263,0.01328,0.013749,0.013903,0.013939,0.014612,0.015257,0.015999,0.016423,0.016764,0.016892,0.017083,0.017156,0.017179,0.017342,0.018267,0.018701,0.01882,0.019353,0.019413,0.019493,0.019666,0.020233,0.020274,0.020916,0.021396,0.021869,0.022113,0.022244,0.023399,0.02382,0.024063,0.024298,0.024348,0.025117,0.025283,0.025287,0.025688,0.025709,0.025899,0.02591,0.026269,0.026297,0.026603,0.026888,0.027261,0.028642,0.029019,0.029047,0.029129,0.029459,0.029503,0.029549,0.029885,0.030317,0.030317,0.030766,0.030808,0.031327,0.0314,0.03151,0.032052,0.032324,0.032739,0.032754,0.033021,0.033066,0.033229,0.033574,0.033611,0.033933,0.0342,0.034344,0.034791
208.93,0.0062063,0.0067644,0.0067751,0.006905,0.0073954,0.0074555,0.0077641,0.0083435,0.0087562,0.0092326,0.0094829,0.010175,0.010276,0.011283,0.011405,0.011842,0.012074,0.012278,0.012837,0.013167,0.013262,0.013294,0.013304,0.013639,0.014586,0.014664,0.014684,0.015202,0.015372,0.015412,0.016156,0.016869,0.01769,0.018159,0.018535,0.018677,0.018888,0.018969,0.018994,0.019174,0.020198,0.020677,0.020809,0.021398,0.021465,0.021552,0.021744,0.022371,0.022416,0.023126,0.023656,0.02418,0.024449,0.024594,0.025872,0.026337,0.026605,0.026865,0.026921,0.027771,0.027954,0.027959,0.028402,0.028426,0.028635,0.028648,0.029045,0.029075,0.029414,0.029729,0.030142,0.031669,0.032085,0.032117,0.032206,0.032572,0.03262,0.032672,0.033043,0.03352,0.033521,0.034016,0.034064,0.034637,0.034718,0.03484,0.035438,0.03574,0.036198,0.036215,0.036511,0.03656,0.03674,0.037122,0.037162,0.037519,0.037814,0.037973,0.038468
239.88,0.0067323,0.0073377,0.0073493,0.0074903,0.0080223,0.0080875,0.0084222,0.0090507,0.0094984,0.010015,0.010287,0.011037,0.011147,0.01224,0.012372,0.012845,0.013097,0.013318,0.013925,0.014284,0.014387,0.014421,0.014432,0.014795,0.015822,0.015907,0.015928,0.016491,0.016675,0.016718,0.017525,0.018299,0.01919,0.019698,0.020106,0.02026,0.020489,0.020577,0.020604,0.020799,0.02191,0.022429,0.022572,0.023212,0.023284,0.023379,0.023587,0.024267,0.024316,0.025086,0.025662,0.026229,0.026522,0.026679,0.028065,0.028569,0.028861,0.029142,0.029203,0.030125,0.030324,0.030329,0.03081,0.030836,0.031063,0.031076,0.031507,0.03154,0.031907,0.032249,0.032697,0.034353,0.034805,0.034839,0.034936,0.035333,0.035385,0.035441,0.035844,0.036362,0.036362,0.0369,0.036951,0.037573,0.037661,0.037793,0.038442,0.03877,0.039267,0.039285,0.039606,0.039659,0.039854,0.040269,0.040312,0.040699,0.041019,0.041191,0.041728
275.42,0.0071649,0.0078092,0.0078216,0.0079716,0.0085377,0.0086071,0.0089634,0.0096323,0.010109,0.010659,0.010948,0.011746,0.011863,0.013026,0.013167,0.013671,0.013939,0.014174,0.01482,0.015201,0.015311,0.015348,0.01536,0.015746,0.016839,0.016929,0.016952,0.01755,0.017746,0.017793,0.018651,0.019475,0.020423,0.020964,0.021398,0.021562,0.021806,0.021899,0.021928,0.022136,0.023318,0.023871,0.024023,0.024704,0.024781,0.024882,0.025103,0.025826,0.025879,0.026698,0.027311,0.027915,0.028226,0.028393,0.029868,0.030405,0.030715,0.031015,0.03108,0.032061,0.032272,0.032278,0.032789,0.032817,0.033059,0.033073,0.033532,0.033567,0.033957,0.034321,0.034798,0.036561,0.037041,0.037078,0.037181,0.037604,0.037659,0.037719,0.038148,0.038698,0.038699,0.039271,0.039325,0.039988,0.04008,0.040222,0.040912,0.041261,0.04179,0.041809,0.04215,0.042207,0.042415,0.042856,0.042903,0.043314,0.043655,0.043838,0.04441
316.23,0.0074811,0.0081539,0.0081668,0.0083234,0.0089146,0.008987,0.009359,0.010057,0.010555,0.011129,0.011431,0.012265,0.012386,0.013601,0.013748,0.014274,0.014554,0.0148,0.015474,0.015872,0.015987,0.016025,0.016037,0.016441,0.017582,0.017676,0.0177,0.018325,0.01853,0.018578,0.019474,0.020335,0.021324,0.021889,0.022343,0.022513,0.022768,0.022866,0.022896,0.023113,0.024347,0.024924,0.025083,0.025794,0.025874,0.02598,0.026211,0.026966,0.027021,0.027876,0.028516,0.029147,0.029472,0.029646,0.031186,0.031747,0.032071,0.032384,0.032451,0.033476,0.033697,0.033703,0.034236,0.034265,0.034518,0.034532,0.035012,0.035048,0.035456,0.035836,0.036334,0.038174,0.038676,0.038714,0.038822,0.039263,0.039321,0.039383,0.039831,0.040406,0.040407,0.041004,0.041061,0.041753,0.041849,0.041997,0.042718,0.043082,0.043634,0.043654,0.044011,0.04407,0.044287,0.044748,0.044796,0.045226,0.045581,0.045773,0.04637
363.08,0.0076636,0.0083528,0.008366,0.0085265,0.009132,0.0092063,0.0095873,0.010303,0.010812,0.011401,0.01171,0.012564,0.012688,0.013933,0.014084,0.014622,0.014909,0.015161,0.015852,0.01626,0.016377,0.016416,0.016429,0.016842,0.018011,0.018108,0.018132,0.018772,0.018982,0.019031,0.01995,0.020831,0.021844,0.022423,0.022888,0.023063,0.023324,0.023423,0.023454,0.023677,0.024941,0.025532,0.025695,0.026423,0.026505,0.026614,0.02685,0.027624,0.02768,0.028556,0.029212,0.029858,0.030191,0.03037,0.031947,0.032521,0.032853,0.033174,0.033243,0.034293,0.034519,0.034525,0.035072,0.035101,0.03536,0.035375,0.035866,0.035903,0.036321,0.03671,0.03722,0.039105,0.03962,0.039659,0.039769,0.040221,0.04028,0.040344,0.040803,0.041392,0.041393,0.042004,0.042063,0.042771,0.04287,0.043022,0.04376,0.044133,0.044699,0.044719,0.045084,0.045145,0.045367,0.04584,0.045889,0.046329,0.046693,0.04689,0.047501
416.87,0.0077022,0.0083948,0.0084081,0.0085693,0.009178,0.0092526,0.0096355,0.010355,0.010867,0.011458,0.011769,0.012627,0.012752,0.014003,0.014154,0.014696,0.014984,0.015237,0.015932,0.016341,0.016459,0.016499,0.016511,0.016927,0.018101,0.018199,0.018223,0.018866,0.019077,0.019127,0.02005,0.020936,0.021954,0.022536,0.023003,0.023179,0.023441,0.023541,0.023572,0.023796,0.025066,0.02566,0.025824,0.026556,0.026639,0.026747,0.026985,0.027763,0.027819,0.0287,0.029358,0.030008,0.030343,0.030522,0.032108,0.032685,0.033018,0.03334,0.03341,0.034465,0.034692,0.034698,0.035248,0.035278,0.035537,0.035553,0.036046,0.036084,0.036504,0.036895,0.037407,0.039302,0.039819,0.039858,0.039969,0.040423,0.040483,0.040547,0.041008,0.0416,0.041601,0.042216,0.042274,0.042986,0.043086,0.043238,0.04398,0.044355,0.044924,0.044944,0.045311,0.045372,0.045595,0.04607,0.04612,0.046562,0.046928,0.047125,0.04774
478.63,0.0075946,0.0082775,0.0082906,0.0084496,0.0090497,0.0091233,0.0095009,0.01021,0.010715,0.011298,0.011604,0.01245,0.012574,0.013808,0.013957,0.014491,0.014775,0.015024,0.015709,0.016113,0.016229,0.016268,0.016281,0.01669,0.017848,0.017944,0.017969,0.018603,0.018811,0.01886,0.01977,0.020643,0.021647,0.022221,0.022681,0.022855,0.023113,0.023212,0.023243,0.023463,0.024716,0.025302,0.025463,0.026185,0.026266,0.026374,0.026608,0.027375,0.027431,0.028299,0.028948,0.029589,0.029919,0.030096,0.031659,0.032228,0.032557,0.032875,0.032943,0.033984,0.034208,0.034213,0.034755,0.034785,0.035041,0.035056,0.035543,0.035579,0.035994,0.036379,0.036885,0.038753,0.039262,0.039301,0.039411,0.039859,0.039917,0.03998,0.040435,0.041019,0.04102,0.041626,0.041683,0.042386,0.042484,0.042634,0.043366,0.043735,0.044296,0.044316,0.044678,0.044738,0.044958,0.045426,0.045476,0.045912,0.046272,0.046467,0.047073
549.54,0.0073469,0.0080076,0.0080202,0.008174,0.0087546,0.0088257,0.009191,0.0098769,0.010365,0.010929,0.011226,0.012044,0.012164,0.013357,0.013501,0.014018,0.014293,0.014534,0.015197,0.015587,0.0157,0.015738,0.01575,0.016146,0.017266,0.017359,0.017382,0.017996,0.018197,0.018244,0.019125,0.01997,0.020941,0.021496,0.021942,0.022109,0.02236,0.022455,0.022485,0.022698,0.02391,0.024477,0.024633,0.025331,0.02541,0.025514,0.025741,0.026482,0.026536,0.027376,0.028004,0.028624,0.028943,0.029114,0.030627,0.031177,0.031495,0.031802,0.031869,0.032875,0.033092,0.033098,0.033622,0.03365,0.033898,0.033913,0.034383,0.034419,0.03482,0.035193,0.035682,0.037489,0.037982,0.038019,0.038126,0.038559,0.038615,0.038677,0.039116,0.039681,0.039682,0.040268,0.040324,0.041003,0.041098,0.041243,0.041951,0.042309,0.042851,0.042871,0.043221,0.043279,0.043492,0.043945,0.043992,0.044414,0.044763,0.044951,0.045538
630.96,0.0069729,0.0075999,0.007612,0.0077579,0.0083089,0.0083765,0.0087232,0.0093741,0.0098378,0.010373,0.010654,0.011431,0.011545,0.012677,0.012814,0.013304,0.013565,0.013794,0.014423,0.014794,0.014901,0.014937,0.014948,0.015324,0.016387,0.016476,0.016498,0.01708,0.017271,0.017316,0.018151,0.018953,0.019875,0.020402,0.020825,0.020984,0.021221,0.021312,0.02134,0.021543,0.022693,0.023231,0.023379,0.024042,0.024116,0.024215,0.02443,0.025134,0.025185,0.025982,0.026579,0.027166,0.02747,0.027632,0.029068,0.02959,0.029892,0.030184,0.030247,0.031202,0.031407,0.031413,0.03191,0.031937,0.032173,0.032186,0.032633,0.032667,0.033047,0.033401,0.033865,0.035581,0.036049,0.036084,0.036185,0.036596,0.036649,0.036708,0.037125,0.037661,0.037662,0.038218,0.038271,0.038916,0.039006,0.039144,0.039816,0.040155,0.04067,0.040689,0.041021,0.041076,0.041278,0.041708,0.041753,0.042153,0.042485,0.042663,0.043219
724.44,0.0064928,0.0070767,0.0070879,0.0072238,0.0077369,0.0077998,0.0081226,0.0087287,0.0091605,0.0096589,0.0099208,0.010644,0.01075,0.011804,0.011932,0.012389,0.012631,0.012845,0.01343,0.013775,0.013875,0.013908,0.013919,0.014269,0.015259,0.015341,0.015362,0.015904,0.016082,0.016124,0.016902,0.017648,0.018507,0.018997,0.019391,0.019539,0.01976,0.019845,0.019871,0.02006,0.02113,0.021631,0.021769,0.022386,0.022456,0.022548,0.022748,0.023404,0.023451,0.024193,0.024749,0.025296,0.025578,0.02573,0.027066,0.027553,0.027834,0.028106,0.028164,0.029054,0.029245,0.02925,0.029714,0.029739,0.029958,0.02997,0.030386,0.030418,0.030772,0.031102,0.031534,0.033131,0.033567,0.0336,0.033694,0.034076,0.034126,0.034181,0.034569,0.035068,0.035069,0.035587,0.035636,0.036237,0.036321,0.036449,0.037075,0.03739,0.03787,0.037887,0.038197,0.038248,0.038436,0.038836,0.038878,0.039251,0.03956,0.039726,0.040244
831.76,0.0059315,0.0064649,0.0064751,0.0065993,0.007068,0.0071255,0.0074204,0.0079741,0.0083686,0.0088239,0.0090632,0.0097241,0.0098206,0.010784,0.0109,0.011317,0.011539,0.011734,0.012269,0.012585,0.012675,0.012706,0.012715,0.013035,0.01394,0.014015,0.014034,0.014529,0.014692,0.01473,0.015441,0.016123,0.016907,0.017355,0.017715,0.01785,0.018052,0.018129,0.018153,0.018325,0.019304,0.019761,0.019887,0.020451,0.020515,0.020598,0.020782,0.02138,0.021424,0.022102,0.022609,0.023109,0.023367,0.023505,0.024727,0.025171,0.025428,0.025676,0.02573,0.026542,0.026717,0.026721,0.027145,0.027168,0.027368,0.027379,0.027759,0.027788,0.028112,0.028413,0.028808,0.030267,0.030665,0.030695,0.030781,0.03113,0.031176,0.031226,0.031581,0.032036,0.032037,0.032511,0.032556,0.033104,0.033181,0.033298,0.03387,0.034158,0.034596,0.034612,0.034894,0.034941,0.035113,0.035479,0.035517,0.035858,0.03614,0.036292,0.036765
954.99,0.0053163,0.0057944,0.0058035,0.0059148,0.0063349,0.0063864,0.0066507,0.007147,0.0075006,0.0079087,0.0081231,0.0087155,0.008802,0.0096654,0.0097698,0.010144,0.010343,0.010517,0.010996,0.011279,0.011361,0.011388,0.011397,0.011683,0.012494,0.012561,0.012578,0.013022,0.013168,0.013202,0.013839,0.01445,0.015153,0.015555,0.015877,0.015999,0.01618,0.016249,0.01627,0.016425,0.017301,0.017712,0.017825,0.01833,0.018387,0.018462,0.018626,0.019163,0.019202,0.019809,0.020264,0.020712,0.020943,0.021067,0.022162,0.02256,0.02279,0.023013,0.023061,0.023789,0.023946,0.02395,0.024329,0.02435,0.024529,0.02454,0.02488,0.024906,0.025196,0.025466,0.02582,0.027128,0.027484,0.027511,0.027588,0.027901,0.027942,0.027987,0.028305,0.028714,0.028714,0.029139,0.029179,0.02967,0.029739,0.029844,0.030357,0.030615,0.031008,0.031022,0.031275,0.031317,0.031471,0.031799,0.031833,0.032139,0.032391,0.032527,0.032951
1096.5,0.0046748,0.0050952,0.0051032,0.0052011,0.0055705,0.0056158,0.0058482,0.0062846,0.0065955,0.0069544,0.0071429,0.0076638,0.0077399,0.0084991,0.0085909,0.0089196,0.0090945,0.0092481,0.0096695,0.0099182,0.0099897,0.010014,0.010021,0.010274,0.010986,0.011046,0.01106,0.011451,0.011579,0.011609,0.012169,0.012707,0.013325,0.013678,0.013961,0.014068,0.014227,0.014288,0.014307,0.014443,0.015214,0.015574,0.015674,0.016118,0.016168,0.016234,0.016379,0.01685,0.016885,0.017419,0.017819,0.018213,0.018416,0.018525,0.019488,0.019838,0.02004,0.020236,0.020278,0.020918,0.021056,0.02106,0.021393,0.021412,0.021569,0.021578,0.021878,0.021901,0.022156,0.022393,0.022704,0.023854,0.024168,0.024191,0.024259,0.024535,0.024571,0.02461,0.02489,0.025249,0.025249,0.025622,0.025658,0.02609,0.026151,0.026243,0.026693,0.026921,0.027266,0.027279,0.027501,0.027538,0.027674,0.027962,0.027992,0.028261,0.028483,0.028602,0.028975
1258.9,0.004033,0.0043956,0.0044026,0.004487,0.0048057,0.0048448,0.0050453,0.0054218,0.00569,0.0059996,0.0061622,0.0066116,0.0066773,0.0073323,0.0074114,0.007695,0.0078459,0.0079784,0.008342,0.0085565,0.0086182,0.008639,0.0086455,0.008863,0.0094781,0.0095291,0.0095419,0.0098786,0.0099891,0.010015,0.010498,0.010962,0.011495,0.0118,0.012045,0.012137,0.012274,0.012326,0.012343,0.01246,0.013125,0.013436,0.013522,0.013905,0.013948,0.014005,0.01413,0.014537,0.014567,0.015028,0.015372,0.015713,0.015888,0.015982,0.016812,0.017114,0.017289,0.017458,0.017494,0.018046,0.018165,0.018169,0.018456,0.018472,0.018608,0.018616,0.018874,0.018894,0.019114,0.019319,0.019587,0.020579,0.02085,0.02087,0.020929,0.021166,0.021197,0.021231,0.021472,0.021782,0.021783,0.022105,0.022135,0.022508,0.02256,0.02264,0.023029,0.023225,0.023523,0.023533,0.023726,0.023757,0.023874,0.024123,0.024149,0.024381,0.024572,0.024675,0.024997
1445.4,0.0034135,0.0037205,0.0037263,0.0037978,0.0040675,0.0041006,0.0042703,0.004589,0.004816,0.005078,0.0052157,0.0055961,0.0056516,0.006206,0.006273,0.0065131,0.0066408,0.0067529,0.0070606,0.0072422,0.0072945,0.0073121,0.0073176,0.0075017,0.0080222,0.0080654,0.0080762,0.0083612,0.0084548,0.0084767,0.0088858,0.0092783,0.0097297,0.0099876,0.010195,0.010272,0.010389,0.010433,0.010447,0.010546,0.011109,0.011372,0.011445,0.011769,0.011806,0.011854,0.01196,0.012304,0.012329,0.012719,0.013011,0.013299,0.013447,0.013527,0.01423,0.014485,0.014633,0.014776,0.014807,0.015274,0.015375,0.015378,0.015621,0.015635,0.01575,0.015756,0.015975,0.015992,0.016178,0.016351,0.016578,0.017418,0.017647,0.017664,0.017714,0.017915,0.017941,0.01797,0.018174,0.018436,0.018437,0.018709,0.018735,0.019051,0.019095,0.019162,0.019491,0.019657,0.019909,0.019919,0.020081,0.020108,0.020207,0.020418,0.02044,0.020636,0.020798,0.020885,0.021158
1659.6,0.0028346,0.0030895,0.0030943,0.0031537,0.0033777,0.0034051,0.0035461,0.0038107,0.0039992,0.0042168,0.0043311,0.004647,0.0046931,0.0051534,0.0052091,0.0054084,0.0055145,0.0056076,0.0058631,0.0060139,0.0060573,0.0060719,0.0060765,0.0062293,0.0066616,0.0066975,0.0067065,0.0069431,0.0070208,0.007039,0.0073787,0.0077047,0.0080795,0.0082936,0.0084655,0.0085302,0.0086267,0.0086636,0.008675,0.0087573,0.0092248,0.0094436,0.0095038,0.0097732,0.0098036,0.0098436,0.0099312,0.010217,0.010238,0.010562,0.010804,0.011043,0.011167,0.011233,0.011816,0.012029,0.012151,0.01227,0.012296,0.012684,0.012767,0.01277,0.012972,0.012983,0.013078,0.013084,0.013266,0.013279,0.013434,0.013578,0.013767,0.014464,0.014654,0.014668,0.01471,0.014877,0.014898,0.014922,0.015092,0.01531,0.01531,0.015536,0.015558,0.01582,0.015856,0.015912,0.016186,0.016323,0.016533,0.01654,0.016675,0.016698,0.01678,0.016955,0.016973,0.017136,0.01727,0.017343,0.017569
1905.5,0.0023093,0.002517,0.0025209,0.0025693,0.0027518,0.0027741,0.002889,0.0031046,0.0032581,0.0034354,0.0035285,0.0037859,0.0038234,0.0041985,0.0042438,0.0044062,0.0044926,0.0045685,0.0047767,0.0048995,0.0049348,0.0049468,0.0049505,0.005075,0.0054272,0.0054564,0.0054637,0.0056565,0.0057198,0.0057347,0.0060114,0.006277,0.0065824,0.0067568,0.0068968,0.0069495,0.0070281,0.0070582,0.0070675,0.0071346,0.0075154,0.0076936,0.0077427,0.0079622,0.0079869,0.0080195,0.0080909,0.008324,0.0083409,0.0086049,0.0088024,0.0089971,0.0090975,0.0091513,0.0096267,0.0097997,0.0098997,0.0099963,0.010017,0.010333,0.010402,0.010403,0.010568,0.010577,0.010655,0.01066,0.010808,0.010819,0.010945,0.011062,0.011216,0.011784,0.011939,0.01195,0.011984,0.01212,0.012138,0.012157,0.012295,0.012473,0.012473,0.012657,0.012675,0.012888,0.012918,0.012964,0.013186,0.013299,0.013469,0.013475,0.013585,0.013604,0.013671,0.013813,0.013828,0.01396,0.01407,0.014129,0.014314
2187.8,0.0018458,0.0020118,0.002015,0.0020536,0.0021995,0.0022174,0.0023091,0.0024814,0.0026042,0.0027459,0.0028203,0.003026,0.0030561,0.0033558,0.0033921,0.0035219,0.0035909,0.0036515,0.003818,0.0039162,0.0039444,0.0039539,0.0039569,0.0040564,0.0043379,0.0043613,0.0043671,0.0045212,0.0045718,0.0045837,0.0048049,0.0050172,0.0052612,0.0054007,0.0055126,0.0055547,0.0056176,0.0056416,0.005649,0.0057026,0.0060071,0.0061495,0.0061887,0.0063641,0.0063839,0.00641,0.006467,0.0066533,0.0066668,0.0068778,0.0070357,0.0071913,0.0072715,0.0073146,0.0076946,0.0078328,0.0079128,0.00799,0.0080067,0.0082595,0.0083139,0.0083154,0.0084471,0.0084542,0.0085165,0.0085201,0.0086384,0.0086473,0.008748,0.0088417,0.0089646,0.0094187,0.0095425,0.0095519,0.0095786,0.0096874,0.0097016,0.009717,0.0098275,0.0099693,0.0099696,0.010117,0.010131,0.010302,0.010325,0.010362,0.01054,0.01063,0.010766,0.010771,0.010859,0.010873,0.010927,0.011041,0.011053,0.011159,0.011246,0.011293,0.011441
2511.9,0.0014475,0.0015776,0.0015801,0.0016104,0.0017248,0.0017388,0.0018108,0.0019459,0.0020422,0.0021533,0.0022117,0.0023729,0.0023965,0.0026316,0.00266,0.0027618,0.0028159,0.0028635,0.002994,0.003071,0.0030931,0.0031006,0.0031029,0.003181,0.0034017,0.00342,0.0034246,0.0035455,0.0035851,0.0035945,0.0037679,0.0039344,0.0041258,0.0042351,0.0043229,0.0043559,0.0044052,0.004424,0.0044298,0.0044719,0.0047106,0.0048223,0.0048531,0.0049906,0.0050061,0.0050266,0.0050713,0.0052174,0.005228,0.0053935,0.0055173,0.0056393,0.0057022,0.005736,0.006034,0.0061423,0.0062051,0.0062656,0.0062787,0.006477,0.0065196,0.0065208,0.0066241,0.0066297,0.0066785,0.0066813,0.0067741,0.0067811,0.00686,0.0069335,0.0070299,0.007386,0.0074831,0.0074904,0.0075114,0.0075967,0.0076078,0.0076199,0.0077066,0.0078178,0.007818,0.0079335,0.0079445,0.0080783,0.008097,0.0081256,0.0082651,0.0083355,0.0084424,0.0084463,0.0085152,0.0085267,0.0085686,0.0086578,0.0086672,0.0087503,0.0088191,0.0088561,0.0089716
2884,0.0011136,0.0012138,0.0012157,0.001239,0.001327,0.0013378,0.0013931,0.0014971,0.0015712,0.0016566,0.0017016,0.0018256,0.0018438,0.0020246,0.0020465,0.0021248,0.0021665,0.002203,0.0023034,0.0023627,0.0023797,0.0023855,0.0023873,0.0024473,0.0026171,0.0026312,0.0026348,0.0027277,0.0027583,0.0027654,0.0028989,0.0030269,0.0031742,0.0032583,0.0033258,0.0033512,0.0033892,0.0034037,0.0034081,0.0034405,0.0036242,0.0037101,0.0037338,0.0038396,0.0038515,0.0038672,0.0039016,0.0040141,0.0040222,0.0041495,0.0042447,0.0043386,0.004387,0.004413,0.0046423,0.0047257,0.0047739,0.0048205,0.0048306,0.0049831,0.0050159,0.0050168,0.0050963,0.0051006,0.0051381,0.0051403,0.0052117,0.0052171,0.0052778,0.0053344,0.0054085,0.0056824,0.0057571,0.0057628,0.0057789,0.0058446,0.0058531,0.0058624,0.0059291,0.0060147,0.0060148,0.0061037,0.0061121,0.0062151,0.0062295,0.0062515,0.0063588,0.006413,0.0064952,0.0064982,0.0065512,0.00656,0.0065923,0.006661,0.0066682,0.0067321,0.006785,0.0068135,0.0069024
3311.3,0.00084057,0.00091615,0.0009176,0.0009352,0.0010016,0.0010098,0.0010516,0.00113,0.0011859,0.0012505,0.0012844,0.001378,0.0013917,0.0015282,0.0015447,0.0016038,0.0016353,0.0016629,0.0017387,0.0017834,0.0017962,0.0018006,0.0018019,0.0018473,0.0019755,0.0019861,0.0019888,0.0020589,0.002082,0.0020874,0.0021881,0.0022848,0.0023959,0.0024594,0.0025104,0.0025296,0.0025582,0.0025691,0.0025725,0.0025969,0.0027356,0.0028004,0.0028183,0.0028982,0.0029072,0.002919,0.002945,0.0030299,0.003036,0.0031321,0.003204,0.0032749,0.0033114,0.003331,0.003504,0.003567,0.0036034,0.0036386,0.0036462,0.0037613,0.0037861,0.0037867,0.0038467,0.00385,0.0038783,0.00388,0.0039338,0.0039379,0.0039838,0.0040264,0.0040824,0.0042892,0.0043456,0.0043498,0.004362,0.0044115,0.004418,0.004425,0.0044753,0.0045399,0.00454,0.0046071,0.0046135,0.0046912,0.0047021,0.0047187,0.0047997,0.0048406,0.0049027,0.0049049,0.004945,0.0049516,0.004976,0.0050278,0.0050332,0.0050815,0.0051214,0.0051429,0.00521
3801.9,0.00062247,0.00067845,0.00067952,0.00069255,0.00074174,0.00074777,0.00077872,0.00083683,0.00087823,0.00092601,0.00095112,0.0010205,0.0010306,0.0011317,0.0011439,0.0011877,0.001211,0.0012314,0.0012876,0.0013207,0.0013302,0.0013334,0.0013344,0.001368,0.0014629,0.0014708,0.0014728,0.0015247,0.0015418,0.0015458,0.0016204,0.001692,0.0017743,0.0018213,0.001859,0.0018732,0.0018944,0.0019025,0.001905,0.0019231,0.0020258,0.0020738,0.0020871,0.0021462,0.0021529,0.0021617,0.0021809,0.0022437,0.0022483,0.0023194,0.0023727,0.0024252,0.0024522,0.0024667,0.0025949,0.0026415,0.0026685,0.0026945,0.0027001,0.0027854,0.0028038,0.0028042,0.0028487,0.0028511,0.0028721,0.0028733,0.0029132,0.0029162,0.0029501,0.0029817,0.0030232,0.0031763,0.0032181,0.0032212,0.0032302,0.0032669,0.0032717,0.0032769,0.0033142,0.003362,0.0033621,0.0034118,0.0034165,0.003474,0.0034821,0.0034944,0.0035544,0.0035847,0.0036306,0.0036323,0.0036619,0.0036669,0.0036849,0.0037233,0.0037273,0.003763,0.0037926,0.0038086,0.0038582
4365.2,0.00045225,0.00049292,0.0004937,0.00050317,0.00053891,0.00054329,0.00056577,0.00060799,0.00063807,0.00067279,0.00069103,0.00074142,0.00074878,0.00082223,0.00083111,0.00086291,0.00087983,0.00089469,0.00093546,0.00095952,0.00096644,0.00096877,0.0009695,0.00099389,0.0010629,0.0010686,0.00107,0.0011078,0.0011202,0.0011231,0.0011773,0.0012293,0.0012891,0.0013232,0.0013507,0.001361,0.0013764,0.0013823,0.0013841,0.0013972,0.0014718,0.0015067,0.0015163,0.0015593,0.0015642,0.0015705,0.0015845,0.0016302,0.0016335,0.0016852,0.0017238,0.001762,0.0017816,0.0017922,0.0018853,0.0019192,0.0019387,0.0019577,0.0019618,0.0020237,0.002037,0.0020374,0.0020697,0.0020714,0.0020867,0.0020876,0.0021165,0.0021187,0.0021434,0.0021664,0.0021965,0.0023077,0.0023381,0.0023404,0.0023469,0.0023736,0.002377,0.0023808,0.0024079,0.0024426,0.0024427,0.0024788,0.0024822,0.002524,0.0025299,0.0025388,0.0025824,0.0026044,0.0026378,0.002639,0.0026606,0.0026641,0.0026772,0.0027051,0.002708,0.002734,0.0027555,0.0027671,0.0028032
5011.9,0.00032237,0.00035136,0.00035191,0.00035866,0.00038413,0.00038726,0.00040329,0.00043338,0.00045482,0.00047956,0.00049257,0.00052849,0.00053374,0.00058609,0.00059242,0.00061509,0.00062715,0.00063774,0.0006668,0.00068395,0.00068888,0.00069055,0.00069106,0.00070845,0.00075761,0.00076169,0.00076271,0.00078963,0.00079846,0.00080053,0.00083917,0.00087624,0.00091887,0.00094322,0.00096276,0.00097012,0.0009811,0.00098529,0.00098659,0.00099595,0.0010491,0.001074,0.0010808,0.0011115,0.0011149,0.0011195,0.0011294,0.001162,0.0011643,0.0012012,0.0012288,0.0012559,0.00127,0.0012775,0.0013438,0.001368,0.001382,0.0013954,0.0013984,0.0014425,0.001452,0.0014523,0.0014753,0.0014765,0.0014874,0.001488,0.0015087,0.0015102,0.0015278,0.0015442,0.0015657,0.001645,0.0016666,0.0016682,0.0016729,0.0016919,0.0016944,0.0016971,0.0017164,0.0017411,0.0017412,0.0017669,0.0017693,0.0017991,0.0018033,0.0018097,0.0018408,0.0018564,0.0018802,0.0018811,0.0018965,0.001899,0.0019084,0.0019282,0.0019303,0.0019488,0.0019641,0.0019724,0.0019981
5754.4,0.00022544,0.00024571,0.0002461,0.00025082,0.00026864,0.00027082,0.00028203,0.00030308,0.00031807,0.00033537,0.00034447,0.00036959,0.00037326,0.00040987,0.00041429,0.00043015,0.00043858,0.00044599,0.00046631,0.00047831,0.00048175,0.00048292,0.00048328,0.00049544,0.00052982,0.00053267,0.00053339,0.00055221,0.00055839,0.00055984,0.00058685,0.00061278,0.00064259,0.00065962,0.00067329,0.00067843,0.00068611,0.00068904,0.00068995,0.0006965,0.00073368,0.00075108,0.00075587,0.00077729,0.00077971,0.00078289,0.00078986,0.00081261,0.00081426,0.00084003,0.00085931,0.00087832,0.00088812,0.00089338,0.00093979,0.00095667,0.00096644,0.00097587,0.00097791,0.0010088,0.0010154,0.0010156,0.0010317,0.0010326,0.0010402,0.0010406,0.0010551,0.0010562,0.0010685,0.0010799,0.0010949,0.0011504,0.0011655,0.0011666,0.0011699,0.0011832,0.0011849,0.0011868,0.0012003,0.0012176,0.0012176,0.0012356,0.0012374,0.0012582,0.0012611,0.0012656,0.0012873,0.0012983,0.0013149,0.0013155,0.0013262,0.001328,0.0013346,0.0013485,0.0013499,0.0013629,0.0013736,0.0013793,0.0013973
6606.9,0.00015468,0.00016859,0.00016885,0.00017209,0.00018431,0.00018581,0.0001935,0.00020794,0.00021823,0.0002301,0.00023634,0.00025358,0.00025609,0.00028121,0.00028425,0.00029513,0.00030092,0.000306,0.00031994,0.00032817,0.00033054,0.00033133,0.00033158,0.00033992,0.00036351,0.00036547,0.00036596,0.00037887,0.00038311,0.00038411,0.00040264,0.00042043,0.00044089,0.00045257,0.00046195,0.00046548,0.00047074,0.00047276,0.00047338,0.00047787,0.00050338,0.00051532,0.00051861,0.00053331,0.00053496,0.00053715,0.00054193,0.00055754,0.00055867,0.00057635,0.00058958,0.00060262,0.00060935,0.00061296,0.0006448,0.00065638,0.00066308,0.00066955,0.00067095,0.00069214,0.0006967,0.00069682,0.00070786,0.00070845,0.00071367,0.00071398,0.00072389,0.00072464,0.00073307,0.00074093,0.00075122,0.00078927,0.00079965,0.00080043,0.00080267,0.00081179,0.00081298,0.00081427,0.00082353,0.00083542,0.00083544,0.00084778,0.00084896,0.00086326,0.00086526,0.00086831,0.00088322,0.00089074,0.00090216,0.00090258,0.00090995,0.00091117,0.00091566,0.00092519,0.00092619,0.00093507,0.00094242,0.00094638,0.00095872
7585.8,0.00010412,0.00011348,0.00011366,0.00011584,0.00012407,0.00012508,0.00013025,0.00013997,0.0001469,0.00015489,0.00015909,0.00017069,0.00017239,0.0001893,0.00019134,0.00019866,0.00020256,0.00020598,0.00021536,0.0002209,0.0002225,0.00022303,0.0002232,0.00022882,0.00024469,0.00024601,0.00024634,0.00025503,0.00025789,0.00025856,0.00027103,0.00028301,0.00029678,0.00030464,0.00031095,0.00031333,0.00031687,0.00031823,0.00031865,0.00032167,0.00033885,0.00034688,0.00034909,0.00035899,0.0003601,0.00036157,0.00036479,0.0003753,0.00037606,0.00038796,0.00039687,0.00040565,0.00041017,0.0004126,0.00043404,0.00044183,0.00044634,0.0004507,0.00045164,0.0004659,0.00046897,0.00046905,0.00047648,0.00047689,0.0004804,0.0004806,0.00048727,0.00048778,0.00049346,0.00049874,0.00050568,0.00053129,0.00053827,0.0005388,0.00054031,0.00054645,0.00054725,0.00054812,0.00055435,0.00056235,0.00056236,0.00057067,0.00057146,0.00058109,0.00058244,0.00058449,0.00059453,0.00059959,0.00060728,0.00060756,0.00061252,0.00061334,0.00061636,0.00062278,0.00062345,0.00062943,0.00063438,0.00063704,0.00064535
8709.6,6.8761e-05,7.4944e-05,7.5063e-05,7.6502e-05,8.1936e-05,8.2602e-05,8.6021e-05,9.244e-05,9.7012e-05,0.00010229,0.00010506,0.00011273,0.00011385,0.00012501,0.00012636,0.0001312,0.00013377,0.00013603,0.00014223,0.00014589,0.00014694,0.00014729,0.0001474,0.00015111,0.0001616,0.00016247,0.00016269,0.00016843,0.00017031,0.00017075,0.00017899,0.0001869,0.00019599,0.00020119,0.00020536,0.00020693,0.00020927,0.00021016,0.00021044,0.00021244,0.00022378,0.00022908,0.00023054,0.00023708,0.00023782,0.00023879,0.00024091,0.00024785,0.00024836,0.00025622,0.0002621,0.00026789,0.00027088,0.00027249,0.00028664,0.00029179,0.00029477,0.00029765,0.00029827,0.00030769,0.00030971,0.00030977,0.00031467,0.00031494,0.00031726,0.00031739,0.0003218,0.00032213,0.00032588,0.00032938,0.00033395,0.00035087,0.00035548,0.00035583,0.00035683,0.00036088,0.00036141,0.00036198,0.0003661,0.00037138,0.00037139,0.00037688,0.0003774,0.00038376,0.00038465,0.000386,0.00039263,0.00039598,0.00040105,0.00040124,0.00040451,0.00040506,0.00040705,0.00041129,0.00041173,0.00041568,0.00041895,0.00042071,0.00042619
